#
# TABLE STRUCTURE FOR: communities
#

DROP TABLE IF EXISTS `communities`;

CREATE TABLE `communities` (
  `id` int(10) unsigned NOT NULL AUTO_INCREMENT,
  `name` varchar(150) COLLATE utf8_unicode_ci NOT NULL,
  PRIMARY KEY (`id`),
  UNIQUE KEY `name` (`name`)
) ENGINE=InnoDB AUTO_INCREMENT=101 DEFAULT CHARSET=utf8 COLLATE=utf8_unicode_ci;

INSERT INTO `communities` (`id`, `name`) VALUES (99, 'ad');
INSERT INTO `communities` (`id`, `name`) VALUES (77, 'alias');
INSERT INTO `communities` (`id`, `name`) VALUES (50, 'animi');
INSERT INTO `communities` (`id`, `name`) VALUES (62, 'asperiores');
INSERT INTO `communities` (`id`, `name`) VALUES (47, 'aspernatur');
INSERT INTO `communities` (`id`, `name`) VALUES (91, 'at');
INSERT INTO `communities` (`id`, `name`) VALUES (74, 'aut');
INSERT INTO `communities` (`id`, `name`) VALUES (2, 'autem');
INSERT INTO `communities` (`id`, `name`) VALUES (23, 'commodi');
INSERT INTO `communities` (`id`, `name`) VALUES (43, 'consectetur');
INSERT INTO `communities` (`id`, `name`) VALUES (44, 'consequatur');
INSERT INTO `communities` (`id`, `name`) VALUES (30, 'corporis');
INSERT INTO `communities` (`id`, `name`) VALUES (52, 'culpa');
INSERT INTO `communities` (`id`, `name`) VALUES (76, 'delectus');
INSERT INTO `communities` (`id`, `name`) VALUES (8, 'deleniti');
INSERT INTO `communities` (`id`, `name`) VALUES (53, 'dicta');
INSERT INTO `communities` (`id`, `name`) VALUES (39, 'dolor');
INSERT INTO `communities` (`id`, `name`) VALUES (20, 'dolores');
INSERT INTO `communities` (`id`, `name`) VALUES (29, 'eius');
INSERT INTO `communities` (`id`, `name`) VALUES (90, 'eligendi');
INSERT INTO `communities` (`id`, `name`) VALUES (60, 'enim');
INSERT INTO `communities` (`id`, `name`) VALUES (37, 'eos');
INSERT INTO `communities` (`id`, `name`) VALUES (83, 'est');
INSERT INTO `communities` (`id`, `name`) VALUES (24, 'et');
INSERT INTO `communities` (`id`, `name`) VALUES (34, 'eum');
INSERT INTO `communities` (`id`, `name`) VALUES (3, 'eveniet');
INSERT INTO `communities` (`id`, `name`) VALUES (66, 'ex');
INSERT INTO `communities` (`id`, `name`) VALUES (95, 'excepturi');
INSERT INTO `communities` (`id`, `name`) VALUES (28, 'expedita');
INSERT INTO `communities` (`id`, `name`) VALUES (33, 'facere');
INSERT INTO `communities` (`id`, `name`) VALUES (31, 'facilis');
INSERT INTO `communities` (`id`, `name`) VALUES (81, 'fuga');
INSERT INTO `communities` (`id`, `name`) VALUES (41, 'fugiat');
INSERT INTO `communities` (`id`, `name`) VALUES (67, 'harum');
INSERT INTO `communities` (`id`, `name`) VALUES (69, 'id');
INSERT INTO `communities` (`id`, `name`) VALUES (70, 'illum');
INSERT INTO `communities` (`id`, `name`) VALUES (27, 'impedit');
INSERT INTO `communities` (`id`, `name`) VALUES (18, 'inventore');
INSERT INTO `communities` (`id`, `name`) VALUES (11, 'ipsum');
INSERT INTO `communities` (`id`, `name`) VALUES (63, 'iste');
INSERT INTO `communities` (`id`, `name`) VALUES (55, 'itaque');
INSERT INTO `communities` (`id`, `name`) VALUES (54, 'iure');
INSERT INTO `communities` (`id`, `name`) VALUES (88, 'iusto');
INSERT INTO `communities` (`id`, `name`) VALUES (92, 'laboriosam');
INSERT INTO `communities` (`id`, `name`) VALUES (32, 'laudantium');
INSERT INTO `communities` (`id`, `name`) VALUES (57, 'libero');
INSERT INTO `communities` (`id`, `name`) VALUES (22, 'magnam');
INSERT INTO `communities` (`id`, `name`) VALUES (72, 'magni');
INSERT INTO `communities` (`id`, `name`) VALUES (79, 'maiores');
INSERT INTO `communities` (`id`, `name`) VALUES (13, 'minima');
INSERT INTO `communities` (`id`, `name`) VALUES (10, 'molestiae');
INSERT INTO `communities` (`id`, `name`) VALUES (93, 'molestias');
INSERT INTO `communities` (`id`, `name`) VALUES (94, 'mollitia');
INSERT INTO `communities` (`id`, `name`) VALUES (6, 'nesciunt');
INSERT INTO `communities` (`id`, `name`) VALUES (19, 'nihil');
INSERT INTO `communities` (`id`, `name`) VALUES (49, 'nisi');
INSERT INTO `communities` (`id`, `name`) VALUES (48, 'nobis');
INSERT INTO `communities` (`id`, `name`) VALUES (75, 'non');
INSERT INTO `communities` (`id`, `name`) VALUES (4, 'nostrum');
INSERT INTO `communities` (`id`, `name`) VALUES (89, 'nulla');
INSERT INTO `communities` (`id`, `name`) VALUES (73, 'odio');
INSERT INTO `communities` (`id`, `name`) VALUES (61, 'officia');
INSERT INTO `communities` (`id`, `name`) VALUES (68, 'officiis');
INSERT INTO `communities` (`id`, `name`) VALUES (59, 'optio');
INSERT INTO `communities` (`id`, `name`) VALUES (45, 'pariatur');
INSERT INTO `communities` (`id`, `name`) VALUES (84, 'placeat');
INSERT INTO `communities` (`id`, `name`) VALUES (51, 'possimus');
INSERT INTO `communities` (`id`, `name`) VALUES (42, 'praesentium');
INSERT INTO `communities` (`id`, `name`) VALUES (21, 'provident');
INSERT INTO `communities` (`id`, `name`) VALUES (97, 'quae');
INSERT INTO `communities` (`id`, `name`) VALUES (26, 'qui');
INSERT INTO `communities` (`id`, `name`) VALUES (15, 'quia');
INSERT INTO `communities` (`id`, `name`) VALUES (64, 'quibusdam');
INSERT INTO `communities` (`id`, `name`) VALUES (85, 'quidem');
INSERT INTO `communities` (`id`, `name`) VALUES (82, 'quis');
INSERT INTO `communities` (`id`, `name`) VALUES (87, 'quisquam');
INSERT INTO `communities` (`id`, `name`) VALUES (58, 'quos');
INSERT INTO `communities` (`id`, `name`) VALUES (78, 'recusandae');
INSERT INTO `communities` (`id`, `name`) VALUES (35, 'reiciendis');
INSERT INTO `communities` (`id`, `name`) VALUES (25, 'repellat');
INSERT INTO `communities` (`id`, `name`) VALUES (98, 'reprehenderit');
INSERT INTO `communities` (`id`, `name`) VALUES (17, 'repudiandae');
INSERT INTO `communities` (`id`, `name`) VALUES (86, 'rerum');
INSERT INTO `communities` (`id`, `name`) VALUES (71, 'saepe');
INSERT INTO `communities` (`id`, `name`) VALUES (16, 'sed');
INSERT INTO `communities` (`id`, `name`) VALUES (96, 'sit');
INSERT INTO `communities` (`id`, `name`) VALUES (9, 'sunt');
INSERT INTO `communities` (`id`, `name`) VALUES (40, 'suscipit');
INSERT INTO `communities` (`id`, `name`) VALUES (1, 'tempore');
INSERT INTO `communities` (`id`, `name`) VALUES (7, 'ullam');
INSERT INTO `communities` (`id`, `name`) VALUES (46, 'ut');
INSERT INTO `communities` (`id`, `name`) VALUES (12, 'vel');
INSERT INTO `communities` (`id`, `name`) VALUES (80, 'velit');
INSERT INTO `communities` (`id`, `name`) VALUES (65, 'veniam');
INSERT INTO `communities` (`id`, `name`) VALUES (36, 'veritatis');
INSERT INTO `communities` (`id`, `name`) VALUES (100, 'vitae');
INSERT INTO `communities` (`id`, `name`) VALUES (5, 'voluptas');
INSERT INTO `communities` (`id`, `name`) VALUES (56, 'voluptate');
INSERT INTO `communities` (`id`, `name`) VALUES (14, 'voluptatem');
INSERT INTO `communities` (`id`, `name`) VALUES (38, 'voluptatum');


#
# TABLE STRUCTURE FOR: communities_users
#

DROP TABLE IF EXISTS `communities_users`;

CREATE TABLE `communities_users` (
  `community_id` int(10) unsigned NOT NULL,
  `user_id` int(10) unsigned NOT NULL,
  PRIMARY KEY (`community_id`,`user_id`)
) ENGINE=InnoDB DEFAULT CHARSET=utf8 COLLATE=utf8_unicode_ci;

INSERT INTO `communities_users` (`community_id`, `user_id`) VALUES (1, 17);
INSERT INTO `communities_users` (`community_id`, `user_id`) VALUES (3, 56);
INSERT INTO `communities_users` (`community_id`, `user_id`) VALUES (3, 94);
INSERT INTO `communities_users` (`community_id`, `user_id`) VALUES (4, 22);
INSERT INTO `communities_users` (`community_id`, `user_id`) VALUES (5, 53);
INSERT INTO `communities_users` (`community_id`, `user_id`) VALUES (5, 99);
INSERT INTO `communities_users` (`community_id`, `user_id`) VALUES (7, 40);
INSERT INTO `communities_users` (`community_id`, `user_id`) VALUES (8, 63);
INSERT INTO `communities_users` (`community_id`, `user_id`) VALUES (9, 84);
INSERT INTO `communities_users` (`community_id`, `user_id`) VALUES (11, 36);
INSERT INTO `communities_users` (`community_id`, `user_id`) VALUES (12, 70);
INSERT INTO `communities_users` (`community_id`, `user_id`) VALUES (14, 13);
INSERT INTO `communities_users` (`community_id`, `user_id`) VALUES (16, 85);
INSERT INTO `communities_users` (`community_id`, `user_id`) VALUES (17, 26);
INSERT INTO `communities_users` (`community_id`, `user_id`) VALUES (18, 86);
INSERT INTO `communities_users` (`community_id`, `user_id`) VALUES (20, 71);
INSERT INTO `communities_users` (`community_id`, `user_id`) VALUES (20, 86);
INSERT INTO `communities_users` (`community_id`, `user_id`) VALUES (20, 99);
INSERT INTO `communities_users` (`community_id`, `user_id`) VALUES (21, 63);
INSERT INTO `communities_users` (`community_id`, `user_id`) VALUES (21, 70);
INSERT INTO `communities_users` (`community_id`, `user_id`) VALUES (21, 85);
INSERT INTO `communities_users` (`community_id`, `user_id`) VALUES (21, 87);
INSERT INTO `communities_users` (`community_id`, `user_id`) VALUES (21, 97);
INSERT INTO `communities_users` (`community_id`, `user_id`) VALUES (23, 7);
INSERT INTO `communities_users` (`community_id`, `user_id`) VALUES (23, 46);
INSERT INTO `communities_users` (`community_id`, `user_id`) VALUES (23, 64);
INSERT INTO `communities_users` (`community_id`, `user_id`) VALUES (23, 68);
INSERT INTO `communities_users` (`community_id`, `user_id`) VALUES (24, 55);
INSERT INTO `communities_users` (`community_id`, `user_id`) VALUES (25, 74);
INSERT INTO `communities_users` (`community_id`, `user_id`) VALUES (27, 40);
INSERT INTO `communities_users` (`community_id`, `user_id`) VALUES (27, 55);
INSERT INTO `communities_users` (`community_id`, `user_id`) VALUES (27, 81);
INSERT INTO `communities_users` (`community_id`, `user_id`) VALUES (28, 45);
INSERT INTO `communities_users` (`community_id`, `user_id`) VALUES (28, 61);
INSERT INTO `communities_users` (`community_id`, `user_id`) VALUES (30, 37);
INSERT INTO `communities_users` (`community_id`, `user_id`) VALUES (30, 77);
INSERT INTO `communities_users` (`community_id`, `user_id`) VALUES (31, 66);
INSERT INTO `communities_users` (`community_id`, `user_id`) VALUES (31, 68);
INSERT INTO `communities_users` (`community_id`, `user_id`) VALUES (32, 34);
INSERT INTO `communities_users` (`community_id`, `user_id`) VALUES (33, 66);
INSERT INTO `communities_users` (`community_id`, `user_id`) VALUES (35, 17);
INSERT INTO `communities_users` (`community_id`, `user_id`) VALUES (36, 21);
INSERT INTO `communities_users` (`community_id`, `user_id`) VALUES (36, 78);
INSERT INTO `communities_users` (`community_id`, `user_id`) VALUES (36, 84);
INSERT INTO `communities_users` (`community_id`, `user_id`) VALUES (37, 41);
INSERT INTO `communities_users` (`community_id`, `user_id`) VALUES (37, 57);
INSERT INTO `communities_users` (`community_id`, `user_id`) VALUES (39, 8);
INSERT INTO `communities_users` (`community_id`, `user_id`) VALUES (39, 57);
INSERT INTO `communities_users` (`community_id`, `user_id`) VALUES (39, 74);
INSERT INTO `communities_users` (`community_id`, `user_id`) VALUES (40, 73);
INSERT INTO `communities_users` (`community_id`, `user_id`) VALUES (42, 33);
INSERT INTO `communities_users` (`community_id`, `user_id`) VALUES (42, 46);
INSERT INTO `communities_users` (`community_id`, `user_id`) VALUES (42, 57);
INSERT INTO `communities_users` (`community_id`, `user_id`) VALUES (42, 83);
INSERT INTO `communities_users` (`community_id`, `user_id`) VALUES (45, 57);
INSERT INTO `communities_users` (`community_id`, `user_id`) VALUES (47, 4);
INSERT INTO `communities_users` (`community_id`, `user_id`) VALUES (48, 72);
INSERT INTO `communities_users` (`community_id`, `user_id`) VALUES (49, 15);
INSERT INTO `communities_users` (`community_id`, `user_id`) VALUES (51, 5);
INSERT INTO `communities_users` (`community_id`, `user_id`) VALUES (51, 29);
INSERT INTO `communities_users` (`community_id`, `user_id`) VALUES (52, 43);
INSERT INTO `communities_users` (`community_id`, `user_id`) VALUES (53, 75);
INSERT INTO `communities_users` (`community_id`, `user_id`) VALUES (56, 83);
INSERT INTO `communities_users` (`community_id`, `user_id`) VALUES (57, 62);
INSERT INTO `communities_users` (`community_id`, `user_id`) VALUES (59, 56);
INSERT INTO `communities_users` (`community_id`, `user_id`) VALUES (62, 48);
INSERT INTO `communities_users` (`community_id`, `user_id`) VALUES (62, 56);
INSERT INTO `communities_users` (`community_id`, `user_id`) VALUES (62, 84);
INSERT INTO `communities_users` (`community_id`, `user_id`) VALUES (64, 13);
INSERT INTO `communities_users` (`community_id`, `user_id`) VALUES (66, 21);
INSERT INTO `communities_users` (`community_id`, `user_id`) VALUES (66, 59);
INSERT INTO `communities_users` (`community_id`, `user_id`) VALUES (67, 59);
INSERT INTO `communities_users` (`community_id`, `user_id`) VALUES (69, 60);
INSERT INTO `communities_users` (`community_id`, `user_id`) VALUES (70, 70);
INSERT INTO `communities_users` (`community_id`, `user_id`) VALUES (72, 14);
INSERT INTO `communities_users` (`community_id`, `user_id`) VALUES (72, 23);
INSERT INTO `communities_users` (`community_id`, `user_id`) VALUES (72, 26);
INSERT INTO `communities_users` (`community_id`, `user_id`) VALUES (72, 78);
INSERT INTO `communities_users` (`community_id`, `user_id`) VALUES (73, 47);
INSERT INTO `communities_users` (`community_id`, `user_id`) VALUES (73, 85);
INSERT INTO `communities_users` (`community_id`, `user_id`) VALUES (74, 25);
INSERT INTO `communities_users` (`community_id`, `user_id`) VALUES (75, 4);
INSERT INTO `communities_users` (`community_id`, `user_id`) VALUES (75, 68);
INSERT INTO `communities_users` (`community_id`, `user_id`) VALUES (77, 1);
INSERT INTO `communities_users` (`community_id`, `user_id`) VALUES (77, 81);
INSERT INTO `communities_users` (`community_id`, `user_id`) VALUES (78, 48);
INSERT INTO `communities_users` (`community_id`, `user_id`) VALUES (81, 19);
INSERT INTO `communities_users` (`community_id`, `user_id`) VALUES (81, 32);
INSERT INTO `communities_users` (`community_id`, `user_id`) VALUES (82, 2);
INSERT INTO `communities_users` (`community_id`, `user_id`) VALUES (82, 52);
INSERT INTO `communities_users` (`community_id`, `user_id`) VALUES (84, 38);
INSERT INTO `communities_users` (`community_id`, `user_id`) VALUES (85, 32);
INSERT INTO `communities_users` (`community_id`, `user_id`) VALUES (87, 25);
INSERT INTO `communities_users` (`community_id`, `user_id`) VALUES (87, 51);
INSERT INTO `communities_users` (`community_id`, `user_id`) VALUES (87, 80);
INSERT INTO `communities_users` (`community_id`, `user_id`) VALUES (88, 29);
INSERT INTO `communities_users` (`community_id`, `user_id`) VALUES (92, 59);
INSERT INTO `communities_users` (`community_id`, `user_id`) VALUES (95, 3);
INSERT INTO `communities_users` (`community_id`, `user_id`) VALUES (98, 19);
INSERT INTO `communities_users` (`community_id`, `user_id`) VALUES (98, 47);


#
# TABLE STRUCTURE FOR: friendship
#

DROP TABLE IF EXISTS `friendship`;

CREATE TABLE `friendship` (
  `user_id` int(10) unsigned NOT NULL,
  `friend_id` int(10) unsigned NOT NULL,
  `status_id` int(10) unsigned NOT NULL,
  `requested_at` datetime DEFAULT current_timestamp(),
  `confirmed_at` datetime DEFAULT NULL,
  PRIMARY KEY (`user_id`,`friend_id`)
) ENGINE=InnoDB DEFAULT CHARSET=utf8 COLLATE=utf8_unicode_ci;

INSERT INTO `friendship` (`user_id`, `friend_id`, `status_id`, `requested_at`, `confirmed_at`) VALUES (4, 80, 3, '2000-05-13 00:14:04', '1995-03-29 17:39:42');
INSERT INTO `friendship` (`user_id`, `friend_id`, `status_id`, `requested_at`, `confirmed_at`) VALUES (7, 4, 4, '1999-12-25 23:24:57', '1979-06-11 09:17:08');
INSERT INTO `friendship` (`user_id`, `friend_id`, `status_id`, `requested_at`, `confirmed_at`) VALUES (8, 59, 1, '1979-11-18 05:11:40', '1988-03-31 09:23:16');
INSERT INTO `friendship` (`user_id`, `friend_id`, `status_id`, `requested_at`, `confirmed_at`) VALUES (9, 52, 1, '2008-02-27 07:39:34', '1973-01-09 06:30:46');
INSERT INTO `friendship` (`user_id`, `friend_id`, `status_id`, `requested_at`, `confirmed_at`) VALUES (11, 75, 4, '1997-12-08 08:54:54', '1996-03-19 02:22:47');
INSERT INTO `friendship` (`user_id`, `friend_id`, `status_id`, `requested_at`, `confirmed_at`) VALUES (11, 94, 4, '2017-11-30 15:00:13', '1983-09-26 15:57:55');
INSERT INTO `friendship` (`user_id`, `friend_id`, `status_id`, `requested_at`, `confirmed_at`) VALUES (12, 73, 4, '1989-04-05 13:21:59', '1986-01-02 23:18:06');
INSERT INTO `friendship` (`user_id`, `friend_id`, `status_id`, `requested_at`, `confirmed_at`) VALUES (14, 70, 4, '1970-03-08 17:01:12', '1982-04-15 18:52:12');
INSERT INTO `friendship` (`user_id`, `friend_id`, `status_id`, `requested_at`, `confirmed_at`) VALUES (15, 96, 1, '1973-05-21 22:18:08', '1997-04-09 22:13:48');
INSERT INTO `friendship` (`user_id`, `friend_id`, `status_id`, `requested_at`, `confirmed_at`) VALUES (16, 73, 1, '1970-06-19 09:45:21', '2007-12-03 04:39:19');
INSERT INTO `friendship` (`user_id`, `friend_id`, `status_id`, `requested_at`, `confirmed_at`) VALUES (18, 27, 1, '1992-07-13 02:12:18', '1982-04-05 03:20:39');
INSERT INTO `friendship` (`user_id`, `friend_id`, `status_id`, `requested_at`, `confirmed_at`) VALUES (19, 45, 2, '2016-01-20 10:10:20', '2019-11-28 05:50:20');
INSERT INTO `friendship` (`user_id`, `friend_id`, `status_id`, `requested_at`, `confirmed_at`) VALUES (21, 69, 3, '1981-12-06 00:59:32', '1978-10-08 06:48:12');
INSERT INTO `friendship` (`user_id`, `friend_id`, `status_id`, `requested_at`, `confirmed_at`) VALUES (22, 29, 4, '2018-05-16 13:01:35', '1986-07-18 14:25:23');
INSERT INTO `friendship` (`user_id`, `friend_id`, `status_id`, `requested_at`, `confirmed_at`) VALUES (23, 67, 1, '2016-04-24 07:53:56', '1982-03-24 23:09:14');
INSERT INTO `friendship` (`user_id`, `friend_id`, `status_id`, `requested_at`, `confirmed_at`) VALUES (23, 91, 2, '2008-05-30 18:12:43', '1988-02-11 04:43:06');
INSERT INTO `friendship` (`user_id`, `friend_id`, `status_id`, `requested_at`, `confirmed_at`) VALUES (25, 10, 2, '1980-10-25 14:20:24', '1985-08-16 01:47:38');
INSERT INTO `friendship` (`user_id`, `friend_id`, `status_id`, `requested_at`, `confirmed_at`) VALUES (25, 43, 4, '2000-09-17 21:24:10', '2013-05-20 12:59:31');
INSERT INTO `friendship` (`user_id`, `friend_id`, `status_id`, `requested_at`, `confirmed_at`) VALUES (26, 63, 2, '2015-03-19 18:14:32', '2006-11-04 14:57:56');
INSERT INTO `friendship` (`user_id`, `friend_id`, `status_id`, `requested_at`, `confirmed_at`) VALUES (26, 75, 2, '2018-07-03 00:45:55', '2018-02-02 06:39:00');
INSERT INTO `friendship` (`user_id`, `friend_id`, `status_id`, `requested_at`, `confirmed_at`) VALUES (27, 22, 2, '1972-10-20 16:17:47', '1991-05-06 15:46:54');
INSERT INTO `friendship` (`user_id`, `friend_id`, `status_id`, `requested_at`, `confirmed_at`) VALUES (27, 87, 1, '2018-02-26 12:31:30', '2003-12-23 07:11:00');
INSERT INTO `friendship` (`user_id`, `friend_id`, `status_id`, `requested_at`, `confirmed_at`) VALUES (28, 50, 1, '1971-03-27 13:33:29', '1995-10-27 18:50:23');
INSERT INTO `friendship` (`user_id`, `friend_id`, `status_id`, `requested_at`, `confirmed_at`) VALUES (29, 18, 2, '2016-03-29 17:27:20', '1972-10-10 04:57:30');
INSERT INTO `friendship` (`user_id`, `friend_id`, `status_id`, `requested_at`, `confirmed_at`) VALUES (30, 6, 1, '2015-08-30 05:39:36', '2002-12-04 08:18:40');
INSERT INTO `friendship` (`user_id`, `friend_id`, `status_id`, `requested_at`, `confirmed_at`) VALUES (30, 68, 4, '2015-10-06 04:51:10', '1973-07-13 08:16:34');
INSERT INTO `friendship` (`user_id`, `friend_id`, `status_id`, `requested_at`, `confirmed_at`) VALUES (31, 47, 2, '1991-03-05 04:28:25', '2006-07-16 04:16:40');
INSERT INTO `friendship` (`user_id`, `friend_id`, `status_id`, `requested_at`, `confirmed_at`) VALUES (32, 7, 4, '1975-07-16 13:25:21', '2008-10-19 14:38:05');
INSERT INTO `friendship` (`user_id`, `friend_id`, `status_id`, `requested_at`, `confirmed_at`) VALUES (33, 46, 4, '2014-11-29 06:56:52', '2006-02-08 16:16:40');
INSERT INTO `friendship` (`user_id`, `friend_id`, `status_id`, `requested_at`, `confirmed_at`) VALUES (33, 53, 2, '1992-08-15 19:51:37', '2012-03-06 12:01:14');
INSERT INTO `friendship` (`user_id`, `friend_id`, `status_id`, `requested_at`, `confirmed_at`) VALUES (34, 10, 3, '2019-11-04 21:01:07', '2012-03-29 20:44:49');
INSERT INTO `friendship` (`user_id`, `friend_id`, `status_id`, `requested_at`, `confirmed_at`) VALUES (34, 64, 2, '2008-09-15 20:39:06', '2003-04-03 20:57:19');
INSERT INTO `friendship` (`user_id`, `friend_id`, `status_id`, `requested_at`, `confirmed_at`) VALUES (35, 10, 3, '2019-08-21 16:04:19', '1994-03-31 20:55:35');
INSERT INTO `friendship` (`user_id`, `friend_id`, `status_id`, `requested_at`, `confirmed_at`) VALUES (35, 29, 2, '1975-03-03 09:35:52', '2002-03-08 13:08:28');
INSERT INTO `friendship` (`user_id`, `friend_id`, `status_id`, `requested_at`, `confirmed_at`) VALUES (36, 39, 4, '2011-10-19 19:49:09', '1976-04-20 21:55:36');
INSERT INTO `friendship` (`user_id`, `friend_id`, `status_id`, `requested_at`, `confirmed_at`) VALUES (37, 75, 2, '2011-10-20 16:37:55', '2015-08-27 17:38:52');
INSERT INTO `friendship` (`user_id`, `friend_id`, `status_id`, `requested_at`, `confirmed_at`) VALUES (37, 87, 1, '1978-08-16 02:21:33', '2001-04-16 18:49:37');
INSERT INTO `friendship` (`user_id`, `friend_id`, `status_id`, `requested_at`, `confirmed_at`) VALUES (38, 100, 3, '1977-06-25 02:17:30', '1993-03-21 07:56:14');
INSERT INTO `friendship` (`user_id`, `friend_id`, `status_id`, `requested_at`, `confirmed_at`) VALUES (40, 66, 1, '2014-11-03 01:58:11', '1979-11-09 13:29:04');
INSERT INTO `friendship` (`user_id`, `friend_id`, `status_id`, `requested_at`, `confirmed_at`) VALUES (42, 25, 2, '2011-01-20 21:54:39', '1987-11-13 18:00:24');
INSERT INTO `friendship` (`user_id`, `friend_id`, `status_id`, `requested_at`, `confirmed_at`) VALUES (43, 74, 4, '2008-03-20 11:30:11', '2016-01-25 02:44:15');
INSERT INTO `friendship` (`user_id`, `friend_id`, `status_id`, `requested_at`, `confirmed_at`) VALUES (44, 66, 3, '1976-02-11 00:33:05', '1977-04-03 22:42:51');
INSERT INTO `friendship` (`user_id`, `friend_id`, `status_id`, `requested_at`, `confirmed_at`) VALUES (44, 93, 4, '2014-09-04 13:42:17', '1997-07-15 14:00:05');
INSERT INTO `friendship` (`user_id`, `friend_id`, `status_id`, `requested_at`, `confirmed_at`) VALUES (45, 38, 1, '1971-11-02 20:57:55', '2001-05-13 07:03:10');
INSERT INTO `friendship` (`user_id`, `friend_id`, `status_id`, `requested_at`, `confirmed_at`) VALUES (45, 73, 4, '1982-06-02 07:14:36', '2015-11-04 04:59:42');
INSERT INTO `friendship` (`user_id`, `friend_id`, `status_id`, `requested_at`, `confirmed_at`) VALUES (47, 42, 4, '1978-05-17 08:54:32', '1970-05-01 19:29:22');
INSERT INTO `friendship` (`user_id`, `friend_id`, `status_id`, `requested_at`, `confirmed_at`) VALUES (48, 67, 4, '1978-04-03 03:02:41', '1993-05-13 04:38:00');
INSERT INTO `friendship` (`user_id`, `friend_id`, `status_id`, `requested_at`, `confirmed_at`) VALUES (48, 78, 3, '1991-05-20 11:40:54', '1978-05-27 07:12:01');
INSERT INTO `friendship` (`user_id`, `friend_id`, `status_id`, `requested_at`, `confirmed_at`) VALUES (49, 11, 1, '1993-06-07 17:57:00', '2006-09-30 09:49:50');
INSERT INTO `friendship` (`user_id`, `friend_id`, `status_id`, `requested_at`, `confirmed_at`) VALUES (50, 43, 3, '1972-09-18 18:26:36', '2007-05-10 16:27:04');
INSERT INTO `friendship` (`user_id`, `friend_id`, `status_id`, `requested_at`, `confirmed_at`) VALUES (52, 57, 3, '1997-06-06 01:27:56', '1987-04-18 14:55:42');
INSERT INTO `friendship` (`user_id`, `friend_id`, `status_id`, `requested_at`, `confirmed_at`) VALUES (52, 78, 2, '1974-02-15 23:25:03', '1998-07-26 02:20:36');
INSERT INTO `friendship` (`user_id`, `friend_id`, `status_id`, `requested_at`, `confirmed_at`) VALUES (53, 22, 2, '1982-04-09 19:30:48', '2012-05-24 20:30:44');
INSERT INTO `friendship` (`user_id`, `friend_id`, `status_id`, `requested_at`, `confirmed_at`) VALUES (55, 39, 3, '2003-05-13 06:11:28', '2009-02-14 03:10:37');
INSERT INTO `friendship` (`user_id`, `friend_id`, `status_id`, `requested_at`, `confirmed_at`) VALUES (55, 74, 1, '1998-07-04 21:46:17', '2006-07-05 06:18:08');
INSERT INTO `friendship` (`user_id`, `friend_id`, `status_id`, `requested_at`, `confirmed_at`) VALUES (55, 96, 3, '1980-06-03 23:14:58', '1988-07-31 02:07:20');
INSERT INTO `friendship` (`user_id`, `friend_id`, `status_id`, `requested_at`, `confirmed_at`) VALUES (56, 37, 3, '1993-03-18 00:25:15', '2007-07-05 10:46:04');
INSERT INTO `friendship` (`user_id`, `friend_id`, `status_id`, `requested_at`, `confirmed_at`) VALUES (57, 30, 3, '1980-10-10 11:11:53', '1990-06-27 13:20:43');
INSERT INTO `friendship` (`user_id`, `friend_id`, `status_id`, `requested_at`, `confirmed_at`) VALUES (58, 61, 4, '1970-05-14 06:48:04', '2016-06-26 22:01:34');
INSERT INTO `friendship` (`user_id`, `friend_id`, `status_id`, `requested_at`, `confirmed_at`) VALUES (61, 19, 1, '1998-07-20 22:58:00', '1982-01-28 08:55:20');
INSERT INTO `friendship` (`user_id`, `friend_id`, `status_id`, `requested_at`, `confirmed_at`) VALUES (61, 85, 3, '1981-06-05 01:59:42', '1975-01-31 22:02:56');
INSERT INTO `friendship` (`user_id`, `friend_id`, `status_id`, `requested_at`, `confirmed_at`) VALUES (63, 38, 4, '1974-05-21 18:33:26', '2013-07-11 11:14:33');
INSERT INTO `friendship` (`user_id`, `friend_id`, `status_id`, `requested_at`, `confirmed_at`) VALUES (63, 92, 2, '2005-02-24 10:23:08', '2011-05-08 20:36:55');
INSERT INTO `friendship` (`user_id`, `friend_id`, `status_id`, `requested_at`, `confirmed_at`) VALUES (64, 6, 1, '1977-03-24 13:52:10', '1976-03-09 13:47:07');
INSERT INTO `friendship` (`user_id`, `friend_id`, `status_id`, `requested_at`, `confirmed_at`) VALUES (64, 45, 2, '1986-12-02 08:47:29', '2003-01-11 07:30:27');
INSERT INTO `friendship` (`user_id`, `friend_id`, `status_id`, `requested_at`, `confirmed_at`) VALUES (66, 64, 2, '1975-01-21 11:27:06', '2008-11-21 04:42:05');
INSERT INTO `friendship` (`user_id`, `friend_id`, `status_id`, `requested_at`, `confirmed_at`) VALUES (66, 68, 4, '1974-03-18 17:56:49', '1973-12-01 23:47:53');
INSERT INTO `friendship` (`user_id`, `friend_id`, `status_id`, `requested_at`, `confirmed_at`) VALUES (68, 72, 4, '1993-08-03 14:45:52', '1991-03-16 02:24:17');
INSERT INTO `friendship` (`user_id`, `friend_id`, `status_id`, `requested_at`, `confirmed_at`) VALUES (69, 56, 1, '1992-08-02 05:44:54', '1983-06-19 05:20:10');
INSERT INTO `friendship` (`user_id`, `friend_id`, `status_id`, `requested_at`, `confirmed_at`) VALUES (70, 59, 1, '1972-10-09 09:48:09', '2018-09-13 12:59:29');
INSERT INTO `friendship` (`user_id`, `friend_id`, `status_id`, `requested_at`, `confirmed_at`) VALUES (71, 65, 2, '1977-12-27 01:38:48', '2000-07-11 10:57:13');
INSERT INTO `friendship` (`user_id`, `friend_id`, `status_id`, `requested_at`, `confirmed_at`) VALUES (72, 78, 1, '1981-02-23 19:50:33', '2000-05-09 20:33:04');
INSERT INTO `friendship` (`user_id`, `friend_id`, `status_id`, `requested_at`, `confirmed_at`) VALUES (74, 15, 1, '1983-02-05 02:27:03', '2005-06-26 19:19:22');
INSERT INTO `friendship` (`user_id`, `friend_id`, `status_id`, `requested_at`, `confirmed_at`) VALUES (74, 44, 1, '1990-04-23 06:18:39', '1995-04-23 03:01:34');
INSERT INTO `friendship` (`user_id`, `friend_id`, `status_id`, `requested_at`, `confirmed_at`) VALUES (75, 7, 2, '2005-11-03 07:14:31', '1979-07-21 20:00:10');
INSERT INTO `friendship` (`user_id`, `friend_id`, `status_id`, `requested_at`, `confirmed_at`) VALUES (77, 59, 3, '2004-07-16 10:32:31', '2005-04-19 22:26:17');
INSERT INTO `friendship` (`user_id`, `friend_id`, `status_id`, `requested_at`, `confirmed_at`) VALUES (77, 92, 1, '1998-05-26 09:36:29', '2016-09-29 17:10:45');
INSERT INTO `friendship` (`user_id`, `friend_id`, `status_id`, `requested_at`, `confirmed_at`) VALUES (80, 41, 3, '1979-09-01 06:09:40', '1989-09-15 09:38:43');
INSERT INTO `friendship` (`user_id`, `friend_id`, `status_id`, `requested_at`, `confirmed_at`) VALUES (81, 35, 4, '1993-05-25 07:43:36', '1984-05-21 11:53:50');
INSERT INTO `friendship` (`user_id`, `friend_id`, `status_id`, `requested_at`, `confirmed_at`) VALUES (82, 27, 3, '2005-09-15 12:18:24', '1986-01-08 08:36:38');
INSERT INTO `friendship` (`user_id`, `friend_id`, `status_id`, `requested_at`, `confirmed_at`) VALUES (82, 39, 3, '1974-06-16 20:10:18', '1991-05-27 16:51:09');
INSERT INTO `friendship` (`user_id`, `friend_id`, `status_id`, `requested_at`, `confirmed_at`) VALUES (83, 42, 3, '2002-07-25 22:43:46', '2002-03-07 07:15:03');
INSERT INTO `friendship` (`user_id`, `friend_id`, `status_id`, `requested_at`, `confirmed_at`) VALUES (84, 67, 3, '1998-12-01 08:31:03', '1973-10-07 16:32:31');
INSERT INTO `friendship` (`user_id`, `friend_id`, `status_id`, `requested_at`, `confirmed_at`) VALUES (85, 22, 2, '2004-09-20 15:06:40', '1971-04-28 18:49:23');
INSERT INTO `friendship` (`user_id`, `friend_id`, `status_id`, `requested_at`, `confirmed_at`) VALUES (85, 51, 2, '1989-06-05 13:54:43', '1987-12-04 15:56:56');
INSERT INTO `friendship` (`user_id`, `friend_id`, `status_id`, `requested_at`, `confirmed_at`) VALUES (89, 97, 2, '1989-07-21 16:37:47', '1997-05-06 22:17:51');
INSERT INTO `friendship` (`user_id`, `friend_id`, `status_id`, `requested_at`, `confirmed_at`) VALUES (91, 52, 4, '1972-11-16 06:55:19', '2015-01-04 15:19:46');
INSERT INTO `friendship` (`user_id`, `friend_id`, `status_id`, `requested_at`, `confirmed_at`) VALUES (92, 9, 3, '1983-04-14 02:12:21', '1974-01-02 22:33:51');
INSERT INTO `friendship` (`user_id`, `friend_id`, `status_id`, `requested_at`, `confirmed_at`) VALUES (92, 54, 2, '2009-08-09 15:50:24', '2003-03-05 18:37:52');
INSERT INTO `friendship` (`user_id`, `friend_id`, `status_id`, `requested_at`, `confirmed_at`) VALUES (92, 84, 1, '1973-07-05 04:24:57', '1972-02-16 20:48:31');
INSERT INTO `friendship` (`user_id`, `friend_id`, `status_id`, `requested_at`, `confirmed_at`) VALUES (93, 32, 1, '2002-09-01 02:50:50', '2000-08-07 19:24:18');
INSERT INTO `friendship` (`user_id`, `friend_id`, `status_id`, `requested_at`, `confirmed_at`) VALUES (94, 34, 3, '1988-04-07 15:41:44', '1985-04-17 10:39:12');
INSERT INTO `friendship` (`user_id`, `friend_id`, `status_id`, `requested_at`, `confirmed_at`) VALUES (94, 36, 4, '1975-07-11 15:34:58', '2009-02-12 23:12:30');
INSERT INTO `friendship` (`user_id`, `friend_id`, `status_id`, `requested_at`, `confirmed_at`) VALUES (95, 6, 3, '2001-12-21 01:34:36', '2003-02-27 23:55:41');
INSERT INTO `friendship` (`user_id`, `friend_id`, `status_id`, `requested_at`, `confirmed_at`) VALUES (95, 18, 3, '2007-01-09 02:38:48', '1975-07-30 02:06:25');
INSERT INTO `friendship` (`user_id`, `friend_id`, `status_id`, `requested_at`, `confirmed_at`) VALUES (96, 1, 4, '1983-08-04 03:52:39', '1976-12-24 21:35:03');
INSERT INTO `friendship` (`user_id`, `friend_id`, `status_id`, `requested_at`, `confirmed_at`) VALUES (96, 84, 4, '1992-05-11 12:12:39', '2004-11-04 20:41:18');
INSERT INTO `friendship` (`user_id`, `friend_id`, `status_id`, `requested_at`, `confirmed_at`) VALUES (96, 97, 2, '1978-07-27 06:07:46', '2007-05-10 10:29:55');
INSERT INTO `friendship` (`user_id`, `friend_id`, `status_id`, `requested_at`, `confirmed_at`) VALUES (99, 10, 1, '1988-02-02 02:40:54', '1971-05-25 20:28:11');


#
# TABLE STRUCTURE FOR: friendship_statuses
#

DROP TABLE IF EXISTS `friendship_statuses`;

CREATE TABLE `friendship_statuses` (
  `id` int(10) unsigned NOT NULL AUTO_INCREMENT,
  `name` varchar(150) COLLATE utf8_unicode_ci NOT NULL,
  PRIMARY KEY (`id`),
  UNIQUE KEY `name` (`name`)
) ENGINE=InnoDB AUTO_INCREMENT=5 DEFAULT CHARSET=utf8 COLLATE=utf8_unicode_ci;

INSERT INTO `friendship_statuses` (`id`, `name`) VALUES (1, 'culpa');
INSERT INTO `friendship_statuses` (`id`, `name`) VALUES (3, 'et');
INSERT INTO `friendship_statuses` (`id`, `name`) VALUES (2, 'laborum');
INSERT INTO `friendship_statuses` (`id`, `name`) VALUES (4, 'nostrum');


#
# TABLE STRUCTURE FOR: media
#

DROP TABLE IF EXISTS `media`;

CREATE TABLE `media` (
  `id` int(10) unsigned NOT NULL AUTO_INCREMENT,
  `media_type_id` int(10) unsigned NOT NULL,
  `user_id` int(10) unsigned NOT NULL,
  `filename` varchar(255) COLLATE utf8_unicode_ci NOT NULL,
  `size` int(11) NOT NULL,
  `metadata` longtext CHARACTER SET utf8mb4 COLLATE utf8mb4_bin DEFAULT NULL,
  `created_at` datetime DEFAULT current_timestamp(),
  `updated_at` datetime DEFAULT current_timestamp() ON UPDATE current_timestamp(),
  PRIMARY KEY (`id`)
) ENGINE=InnoDB AUTO_INCREMENT=101 DEFAULT CHARSET=utf8 COLLATE=utf8_unicode_ci;

INSERT INTO `media` (`id`, `media_type_id`, `user_id`, `filename`, `size`, `metadata`, `created_at`, `updated_at`) VALUES (1, 2, 61, 'eaque', 48294611, 'http://hamill.org/', '1974-02-09 06:49:05', '2015-08-11 07:08:48');
INSERT INTO `media` (`id`, `media_type_id`, `user_id`, `filename`, `size`, `metadata`, `created_at`, `updated_at`) VALUES (2, 5, 44, 'cum', 17, 'http://leannon.com/', '1996-11-06 19:13:58', '1977-07-12 06:34:34');
INSERT INTO `media` (`id`, `media_type_id`, `user_id`, `filename`, `size`, `metadata`, `created_at`, `updated_at`) VALUES (3, 4, 73, 'praesentium', 3509980, 'http://www.cormier.com/', '1991-10-31 15:05:42', '1995-11-04 09:58:53');
INSERT INTO `media` (`id`, `media_type_id`, `user_id`, `filename`, `size`, `metadata`, `created_at`, `updated_at`) VALUES (4, 4, 40, 'labore', 92480, 'http://www.prosacco.biz/', '2006-01-08 08:33:02', '2015-02-07 16:00:24');
INSERT INTO `media` (`id`, `media_type_id`, `user_id`, `filename`, `size`, `metadata`, `created_at`, `updated_at`) VALUES (5, 2, 35, 'placeat', 41, 'http://www.stamm.com/', '1986-10-13 08:04:58', '2019-07-27 22:47:35');
INSERT INTO `media` (`id`, `media_type_id`, `user_id`, `filename`, `size`, `metadata`, `created_at`, `updated_at`) VALUES (6, 4, 24, 'ab', 4, 'http://ratke.com/', '1999-01-24 17:05:15', '1996-02-14 11:24:36');
INSERT INTO `media` (`id`, `media_type_id`, `user_id`, `filename`, `size`, `metadata`, `created_at`, `updated_at`) VALUES (7, 3, 7, 'possimus', 3104, 'http://prosaccojerde.net/', '1980-04-29 08:52:29', '2011-04-23 00:25:24');
INSERT INTO `media` (`id`, `media_type_id`, `user_id`, `filename`, `size`, `metadata`, `created_at`, `updated_at`) VALUES (8, 1, 36, 'recusandae', 69986, 'http://www.hermistonhintz.org/', '1971-06-13 00:02:52', '1978-09-09 22:24:56');
INSERT INTO `media` (`id`, `media_type_id`, `user_id`, `filename`, `size`, `metadata`, `created_at`, `updated_at`) VALUES (9, 2, 9, 'optio', 7127, 'http://www.vandervort.org/', '2001-06-01 15:07:18', '2017-02-11 16:15:12');
INSERT INTO `media` (`id`, `media_type_id`, `user_id`, `filename`, `size`, `metadata`, `created_at`, `updated_at`) VALUES (10, 1, 52, 'eos', 9354, 'http://brekke.com/', '1970-06-07 06:36:43', '2019-01-07 17:12:15');
INSERT INTO `media` (`id`, `media_type_id`, `user_id`, `filename`, `size`, `metadata`, `created_at`, `updated_at`) VALUES (11, 3, 59, 'deserunt', 92958, 'http://bogan.com/', '1974-08-20 03:03:32', '1979-11-04 13:24:53');
INSERT INTO `media` (`id`, `media_type_id`, `user_id`, `filename`, `size`, `metadata`, `created_at`, `updated_at`) VALUES (12, 2, 65, 'numquam', 2453143, 'http://www.kiehnbergnaum.com/', '2010-05-07 01:30:18', '1995-04-28 16:51:22');
INSERT INTO `media` (`id`, `media_type_id`, `user_id`, `filename`, `size`, `metadata`, `created_at`, `updated_at`) VALUES (13, 1, 87, 'sed', 487, 'http://www.stokes.biz/', '1993-06-21 10:18:32', '1979-11-29 18:18:03');
INSERT INTO `media` (`id`, `media_type_id`, `user_id`, `filename`, `size`, `metadata`, `created_at`, `updated_at`) VALUES (14, 2, 30, 'a', 6, 'http://goldner.com/', '1972-06-26 12:39:07', '1990-05-26 16:49:21');
INSERT INTO `media` (`id`, `media_type_id`, `user_id`, `filename`, `size`, `metadata`, `created_at`, `updated_at`) VALUES (15, 1, 41, 'molestiae', 3, 'http://hauck.info/', '1992-11-17 01:04:44', '2011-01-31 03:21:22');
INSERT INTO `media` (`id`, `media_type_id`, `user_id`, `filename`, `size`, `metadata`, `created_at`, `updated_at`) VALUES (16, 3, 44, 'quas', 655193972, 'http://kihn.com/', '1993-11-30 11:54:19', '1992-11-23 22:15:16');
INSERT INTO `media` (`id`, `media_type_id`, `user_id`, `filename`, `size`, `metadata`, `created_at`, `updated_at`) VALUES (17, 1, 51, 'necessitatibus', 5, 'http://www.gleasonkreiger.info/', '1985-11-29 20:19:44', '2002-12-24 04:34:25');
INSERT INTO `media` (`id`, `media_type_id`, `user_id`, `filename`, `size`, `metadata`, `created_at`, `updated_at`) VALUES (18, 5, 69, 'numquam', 591425917, 'http://ratke.com/', '1985-10-18 22:26:18', '2003-02-24 08:04:32');
INSERT INTO `media` (`id`, `media_type_id`, `user_id`, `filename`, `size`, `metadata`, `created_at`, `updated_at`) VALUES (19, 2, 64, 'fuga', 97540, 'http://jakubowski.net/', '1991-08-15 15:36:45', '1978-04-06 02:02:44');
INSERT INTO `media` (`id`, `media_type_id`, `user_id`, `filename`, `size`, `metadata`, `created_at`, `updated_at`) VALUES (20, 1, 57, 'magnam', 0, 'http://www.halvorson.com/', '2004-06-05 20:30:21', '2003-05-02 15:05:32');
INSERT INTO `media` (`id`, `media_type_id`, `user_id`, `filename`, `size`, `metadata`, `created_at`, `updated_at`) VALUES (21, 5, 72, 'doloribus', 381131, 'http://www.mclaughlin.com/', '1980-11-28 16:45:24', '2001-04-02 16:50:36');
INSERT INTO `media` (`id`, `media_type_id`, `user_id`, `filename`, `size`, `metadata`, `created_at`, `updated_at`) VALUES (22, 5, 49, 'ullam', 15929, 'http://www.little.com/', '1971-07-05 01:56:03', '1974-07-11 08:12:27');
INSERT INTO `media` (`id`, `media_type_id`, `user_id`, `filename`, `size`, `metadata`, `created_at`, `updated_at`) VALUES (23, 4, 90, 'tenetur', 6, 'http://www.hilllcollier.biz/', '2005-11-09 15:42:12', '2013-08-25 05:11:19');
INSERT INTO `media` (`id`, `media_type_id`, `user_id`, `filename`, `size`, `metadata`, `created_at`, `updated_at`) VALUES (24, 5, 6, 'esse', 0, 'http://raumoore.com/', '1975-06-05 13:50:06', '1973-12-30 11:14:12');
INSERT INTO `media` (`id`, `media_type_id`, `user_id`, `filename`, `size`, `metadata`, `created_at`, `updated_at`) VALUES (25, 5, 89, 'et', 34532527, 'http://quigleywiza.biz/', '2019-05-06 00:05:42', '1980-05-21 20:41:44');
INSERT INTO `media` (`id`, `media_type_id`, `user_id`, `filename`, `size`, `metadata`, `created_at`, `updated_at`) VALUES (26, 3, 52, 'voluptate', 0, 'http://krishahn.org/', '2018-03-10 03:21:04', '1996-08-11 06:56:07');
INSERT INTO `media` (`id`, `media_type_id`, `user_id`, `filename`, `size`, `metadata`, `created_at`, `updated_at`) VALUES (27, 3, 93, 'doloremque', 353977262, 'http://wolffheidenreich.biz/', '2015-05-24 22:45:21', '2004-08-02 11:20:21');
INSERT INTO `media` (`id`, `media_type_id`, `user_id`, `filename`, `size`, `metadata`, `created_at`, `updated_at`) VALUES (28, 1, 53, 'tempore', 363311122, 'http://mclaughlinhyatt.biz/', '1993-04-15 12:12:26', '1989-05-25 20:36:31');
INSERT INTO `media` (`id`, `media_type_id`, `user_id`, `filename`, `size`, `metadata`, `created_at`, `updated_at`) VALUES (29, 4, 39, 'quis', 0, 'http://lindgraham.org/', '1998-05-14 16:16:42', '2012-07-17 12:00:21');
INSERT INTO `media` (`id`, `media_type_id`, `user_id`, `filename`, `size`, `metadata`, `created_at`, `updated_at`) VALUES (30, 5, 93, 'nemo', 8016790, 'http://www.sporer.com/', '1981-08-07 07:14:21', '1997-07-31 23:48:25');
INSERT INTO `media` (`id`, `media_type_id`, `user_id`, `filename`, `size`, `metadata`, `created_at`, `updated_at`) VALUES (31, 4, 34, 'dolorum', 0, 'http://www.hoppe.org/', '1980-05-04 07:07:32', '1984-09-12 04:47:45');
INSERT INTO `media` (`id`, `media_type_id`, `user_id`, `filename`, `size`, `metadata`, `created_at`, `updated_at`) VALUES (32, 2, 82, 'nemo', 1447, 'http://mullerroberts.com/', '1985-03-26 15:35:26', '2013-09-09 22:01:25');
INSERT INTO `media` (`id`, `media_type_id`, `user_id`, `filename`, `size`, `metadata`, `created_at`, `updated_at`) VALUES (33, 5, 22, 'temporibus', 4127309, 'http://www.mayer.net/', '1970-12-23 23:55:03', '1984-03-25 00:47:37');
INSERT INTO `media` (`id`, `media_type_id`, `user_id`, `filename`, `size`, `metadata`, `created_at`, `updated_at`) VALUES (34, 3, 7, 'ut', 461878, 'http://reilly.biz/', '1974-10-22 03:53:44', '1980-05-02 01:55:26');
INSERT INTO `media` (`id`, `media_type_id`, `user_id`, `filename`, `size`, `metadata`, `created_at`, `updated_at`) VALUES (35, 5, 60, 'consequatur', 0, 'http://walkerbogan.info/', '1992-07-07 16:37:21', '1973-02-13 13:29:58');
INSERT INTO `media` (`id`, `media_type_id`, `user_id`, `filename`, `size`, `metadata`, `created_at`, `updated_at`) VALUES (36, 4, 84, 'molestias', 97248535, 'http://mckenzie.com/', '2012-02-24 12:01:33', '2012-11-20 08:41:58');
INSERT INTO `media` (`id`, `media_type_id`, `user_id`, `filename`, `size`, `metadata`, `created_at`, `updated_at`) VALUES (37, 2, 44, 'unde', 88, 'http://farrellbeatty.com/', '1999-09-20 06:30:14', '2015-08-05 01:35:33');
INSERT INTO `media` (`id`, `media_type_id`, `user_id`, `filename`, `size`, `metadata`, `created_at`, `updated_at`) VALUES (38, 2, 9, 'harum', 43379, 'http://www.pollich.biz/', '1975-09-27 01:09:07', '1980-01-10 06:22:58');
INSERT INTO `media` (`id`, `media_type_id`, `user_id`, `filename`, `size`, `metadata`, `created_at`, `updated_at`) VALUES (39, 2, 17, 'ut', 8, 'http://trantow.com/', '1976-03-29 16:45:03', '1974-07-19 11:29:11');
INSERT INTO `media` (`id`, `media_type_id`, `user_id`, `filename`, `size`, `metadata`, `created_at`, `updated_at`) VALUES (40, 1, 31, 'aut', 76883, 'http://eichmann.org/', '1979-01-24 07:00:59', '2015-04-06 11:46:12');
INSERT INTO `media` (`id`, `media_type_id`, `user_id`, `filename`, `size`, `metadata`, `created_at`, `updated_at`) VALUES (41, 1, 72, 'in', 901880409, 'http://www.hoegerquigley.com/', '1970-05-04 06:28:45', '1972-03-09 04:48:47');
INSERT INTO `media` (`id`, `media_type_id`, `user_id`, `filename`, `size`, `metadata`, `created_at`, `updated_at`) VALUES (42, 5, 53, 'harum', 10, 'http://www.morissette.net/', '1972-06-09 19:06:34', '1987-09-04 22:19:57');
INSERT INTO `media` (`id`, `media_type_id`, `user_id`, `filename`, `size`, `metadata`, `created_at`, `updated_at`) VALUES (43, 4, 100, 'quod', 2, 'http://kiehn.info/', '2010-12-19 22:02:40', '1988-01-04 22:31:51');
INSERT INTO `media` (`id`, `media_type_id`, `user_id`, `filename`, `size`, `metadata`, `created_at`, `updated_at`) VALUES (44, 1, 43, 'sunt', 0, 'http://www.willms.biz/', '1998-04-09 13:27:12', '1987-03-20 02:16:50');
INSERT INTO `media` (`id`, `media_type_id`, `user_id`, `filename`, `size`, `metadata`, `created_at`, `updated_at`) VALUES (45, 2, 87, 'in', 52342038, 'http://russel.com/', '1996-07-11 07:25:55', '1997-03-18 09:41:52');
INSERT INTO `media` (`id`, `media_type_id`, `user_id`, `filename`, `size`, `metadata`, `created_at`, `updated_at`) VALUES (46, 2, 18, 'sint', 385, 'http://rohanhalvorson.com/', '1996-09-09 22:04:50', '1973-05-22 01:32:45');
INSERT INTO `media` (`id`, `media_type_id`, `user_id`, `filename`, `size`, `metadata`, `created_at`, `updated_at`) VALUES (47, 1, 70, 'maxime', 4, 'http://www.mclaughlin.com/', '1982-11-14 08:44:27', '1984-07-01 19:05:08');
INSERT INTO `media` (`id`, `media_type_id`, `user_id`, `filename`, `size`, `metadata`, `created_at`, `updated_at`) VALUES (48, 5, 3, 'eos', 398877020, 'http://www.cormier.com/', '1983-03-04 18:39:27', '1976-05-25 06:33:58');
INSERT INTO `media` (`id`, `media_type_id`, `user_id`, `filename`, `size`, `metadata`, `created_at`, `updated_at`) VALUES (49, 5, 50, 'adipisci', 7819, 'http://gutmann.com/', '2003-08-23 08:17:53', '1972-02-20 09:06:36');
INSERT INTO `media` (`id`, `media_type_id`, `user_id`, `filename`, `size`, `metadata`, `created_at`, `updated_at`) VALUES (50, 1, 78, 'dolores', 42110244, 'http://koelpin.net/', '1979-05-02 01:27:44', '2005-10-21 11:54:02');
INSERT INTO `media` (`id`, `media_type_id`, `user_id`, `filename`, `size`, `metadata`, `created_at`, `updated_at`) VALUES (51, 1, 73, 'magnam', 0, 'http://www.bauchwyman.biz/', '2019-03-20 20:04:04', '1986-12-24 12:49:41');
INSERT INTO `media` (`id`, `media_type_id`, `user_id`, `filename`, `size`, `metadata`, `created_at`, `updated_at`) VALUES (52, 4, 39, 'dolor', 2809739, 'http://www.wilkinson.com/', '1976-10-12 11:49:56', '1999-12-12 04:13:32');
INSERT INTO `media` (`id`, `media_type_id`, `user_id`, `filename`, `size`, `metadata`, `created_at`, `updated_at`) VALUES (53, 1, 94, 'voluptatem', 381474, 'http://danielpredovic.net/', '2008-04-29 00:42:40', '1985-06-11 20:59:11');
INSERT INTO `media` (`id`, `media_type_id`, `user_id`, `filename`, `size`, `metadata`, `created_at`, `updated_at`) VALUES (54, 3, 49, 'iste', 30236, 'http://turner.org/', '2009-10-15 11:23:00', '1973-03-07 13:08:57');
INSERT INTO `media` (`id`, `media_type_id`, `user_id`, `filename`, `size`, `metadata`, `created_at`, `updated_at`) VALUES (55, 1, 61, 'autem', 8, 'http://www.becker.org/', '1983-05-15 03:45:12', '2015-08-08 07:28:00');
INSERT INTO `media` (`id`, `media_type_id`, `user_id`, `filename`, `size`, `metadata`, `created_at`, `updated_at`) VALUES (56, 4, 16, 'error', 36, 'http://www.reinger.org/', '2000-05-08 20:20:49', '2019-11-23 08:28:27');
INSERT INTO `media` (`id`, `media_type_id`, `user_id`, `filename`, `size`, `metadata`, `created_at`, `updated_at`) VALUES (57, 2, 62, 'impedit', 581820, 'http://kilbacksenger.biz/', '1979-04-06 17:15:57', '1992-10-14 16:13:26');
INSERT INTO `media` (`id`, `media_type_id`, `user_id`, `filename`, `size`, `metadata`, `created_at`, `updated_at`) VALUES (58, 4, 96, 'dolore', 0, 'http://schuppe.com/', '2009-02-06 20:47:34', '1970-06-23 17:13:58');
INSERT INTO `media` (`id`, `media_type_id`, `user_id`, `filename`, `size`, `metadata`, `created_at`, `updated_at`) VALUES (59, 4, 74, 'ipsam', 0, 'http://hoeger.com/', '1992-08-26 04:16:14', '1993-10-06 07:44:12');
INSERT INTO `media` (`id`, `media_type_id`, `user_id`, `filename`, `size`, `metadata`, `created_at`, `updated_at`) VALUES (60, 2, 99, 'debitis', 2, 'http://stanton.com/', '1977-01-31 10:20:28', '1979-10-26 15:17:34');
INSERT INTO `media` (`id`, `media_type_id`, `user_id`, `filename`, `size`, `metadata`, `created_at`, `updated_at`) VALUES (61, 3, 72, 'aut', 408, 'http://buckridge.net/', '1993-07-09 09:29:19', '2015-03-29 01:15:31');
INSERT INTO `media` (`id`, `media_type_id`, `user_id`, `filename`, `size`, `metadata`, `created_at`, `updated_at`) VALUES (62, 1, 80, 'autem', 9060888, 'http://www.veum.com/', '2006-03-04 02:39:53', '2004-12-01 20:02:07');
INSERT INTO `media` (`id`, `media_type_id`, `user_id`, `filename`, `size`, `metadata`, `created_at`, `updated_at`) VALUES (63, 3, 15, 'quaerat', 4822571, 'http://www.strosinkulas.com/', '1999-02-20 08:36:49', '1991-12-09 07:31:58');
INSERT INTO `media` (`id`, `media_type_id`, `user_id`, `filename`, `size`, `metadata`, `created_at`, `updated_at`) VALUES (64, 5, 33, 'laborum', 23947152, 'http://lueilwitzrath.com/', '1974-03-06 12:44:28', '1980-11-03 18:42:32');
INSERT INTO `media` (`id`, `media_type_id`, `user_id`, `filename`, `size`, `metadata`, `created_at`, `updated_at`) VALUES (65, 4, 92, 'sit', 592220532, 'http://www.doyledibbert.biz/', '1980-09-25 15:05:52', '1999-07-26 22:23:40');
INSERT INTO `media` (`id`, `media_type_id`, `user_id`, `filename`, `size`, `metadata`, `created_at`, `updated_at`) VALUES (66, 1, 72, 'harum', 48, 'http://www.davisskiles.com/', '2011-10-16 15:40:50', '2012-05-08 23:41:14');
INSERT INTO `media` (`id`, `media_type_id`, `user_id`, `filename`, `size`, `metadata`, `created_at`, `updated_at`) VALUES (67, 4, 71, 'voluptatem', 1590936, 'http://stiedemannschroeder.com/', '2016-04-05 02:02:59', '1989-02-16 16:31:00');
INSERT INTO `media` (`id`, `media_type_id`, `user_id`, `filename`, `size`, `metadata`, `created_at`, `updated_at`) VALUES (68, 1, 81, 'esse', 6533690, 'http://www.wilkinson.com/', '1975-09-06 04:25:28', '1970-09-24 09:07:11');
INSERT INTO `media` (`id`, `media_type_id`, `user_id`, `filename`, `size`, `metadata`, `created_at`, `updated_at`) VALUES (69, 4, 58, 'magni', 9811805, 'http://www.ward.com/', '1984-08-28 15:37:37', '2002-06-23 03:37:18');
INSERT INTO `media` (`id`, `media_type_id`, `user_id`, `filename`, `size`, `metadata`, `created_at`, `updated_at`) VALUES (70, 2, 76, 'quod', 71461, 'http://lemkekertzmann.com/', '2005-09-20 00:45:21', '2011-01-09 02:10:47');
INSERT INTO `media` (`id`, `media_type_id`, `user_id`, `filename`, `size`, `metadata`, `created_at`, `updated_at`) VALUES (71, 1, 9, 'amet', 64998, 'http://ratke.com/', '2010-07-16 05:21:36', '1981-06-16 19:06:07');
INSERT INTO `media` (`id`, `media_type_id`, `user_id`, `filename`, `size`, `metadata`, `created_at`, `updated_at`) VALUES (72, 5, 50, 'esse', 0, 'http://www.hyatt.biz/', '1983-07-20 07:01:32', '2018-12-23 01:44:17');
INSERT INTO `media` (`id`, `media_type_id`, `user_id`, `filename`, `size`, `metadata`, `created_at`, `updated_at`) VALUES (73, 4, 60, 'nostrum', 176442, 'http://mclaughlin.com/', '1996-04-09 07:33:08', '1983-02-13 12:03:56');
INSERT INTO `media` (`id`, `media_type_id`, `user_id`, `filename`, `size`, `metadata`, `created_at`, `updated_at`) VALUES (74, 3, 31, 'quod', 324, 'http://hicklesenger.com/', '2014-04-28 20:27:48', '1995-07-22 19:10:01');
INSERT INTO `media` (`id`, `media_type_id`, `user_id`, `filename`, `size`, `metadata`, `created_at`, `updated_at`) VALUES (75, 2, 84, 'doloremque', 724198, 'http://www.smith.com/', '1983-08-25 15:18:49', '1983-04-13 15:10:52');
INSERT INTO `media` (`id`, `media_type_id`, `user_id`, `filename`, `size`, `metadata`, `created_at`, `updated_at`) VALUES (76, 2, 93, 'similique', 0, 'http://hayes.com/', '1995-06-25 14:00:07', '2014-05-18 05:14:54');
INSERT INTO `media` (`id`, `media_type_id`, `user_id`, `filename`, `size`, `metadata`, `created_at`, `updated_at`) VALUES (77, 3, 46, 'distinctio', 46827235, 'http://veum.com/', '1984-01-06 12:06:34', '1996-06-21 17:49:41');
INSERT INTO `media` (`id`, `media_type_id`, `user_id`, `filename`, `size`, `metadata`, `created_at`, `updated_at`) VALUES (78, 4, 97, 'provident', 0, 'http://www.ruecker.com/', '1982-06-19 04:07:49', '1974-10-02 15:07:21');
INSERT INTO `media` (`id`, `media_type_id`, `user_id`, `filename`, `size`, `metadata`, `created_at`, `updated_at`) VALUES (79, 3, 54, 'sed', 0, 'http://denesik.org/', '1995-12-19 17:07:18', '1974-12-26 23:22:56');
INSERT INTO `media` (`id`, `media_type_id`, `user_id`, `filename`, `size`, `metadata`, `created_at`, `updated_at`) VALUES (80, 2, 24, 'laboriosam', 70502, 'http://balistreri.org/', '1989-11-09 09:33:33', '1979-12-18 20:25:17');
INSERT INTO `media` (`id`, `media_type_id`, `user_id`, `filename`, `size`, `metadata`, `created_at`, `updated_at`) VALUES (81, 3, 39, 'et', 4424674, 'http://www.goodwin.com/', '2016-06-12 16:45:12', '2017-12-29 04:49:53');
INSERT INTO `media` (`id`, `media_type_id`, `user_id`, `filename`, `size`, `metadata`, `created_at`, `updated_at`) VALUES (82, 5, 10, 'in', 669, 'http://littleolson.com/', '2016-07-26 23:48:20', '2001-08-08 04:22:27');
INSERT INTO `media` (`id`, `media_type_id`, `user_id`, `filename`, `size`, `metadata`, `created_at`, `updated_at`) VALUES (83, 1, 6, 'cum', 85204539, 'http://watsica.com/', '1993-11-23 14:01:36', '1982-06-25 03:42:51');
INSERT INTO `media` (`id`, `media_type_id`, `user_id`, `filename`, `size`, `metadata`, `created_at`, `updated_at`) VALUES (84, 5, 75, 'voluptas', 809465407, 'http://www.mayertmante.info/', '1979-05-15 23:05:45', '2010-02-11 19:53:47');
INSERT INTO `media` (`id`, `media_type_id`, `user_id`, `filename`, `size`, `metadata`, `created_at`, `updated_at`) VALUES (85, 4, 19, 'quam', 0, 'http://roberts.com/', '2015-01-27 19:25:25', '2003-03-12 23:05:24');
INSERT INTO `media` (`id`, `media_type_id`, `user_id`, `filename`, `size`, `metadata`, `created_at`, `updated_at`) VALUES (86, 3, 80, 'voluptas', 918112909, 'http://www.batz.com/', '1975-11-16 13:38:45', '1994-07-09 16:48:44');
INSERT INTO `media` (`id`, `media_type_id`, `user_id`, `filename`, `size`, `metadata`, `created_at`, `updated_at`) VALUES (87, 2, 41, 'tenetur', 6752, 'http://www.haucklegros.com/', '1992-12-12 18:46:05', '2000-07-19 00:24:31');
INSERT INTO `media` (`id`, `media_type_id`, `user_id`, `filename`, `size`, `metadata`, `created_at`, `updated_at`) VALUES (88, 2, 97, 'quas', 682574, 'http://www.marquardt.biz/', '2003-07-09 10:42:48', '1970-01-13 00:13:03');
INSERT INTO `media` (`id`, `media_type_id`, `user_id`, `filename`, `size`, `metadata`, `created_at`, `updated_at`) VALUES (89, 5, 76, 'dolorem', 0, 'http://glover.com/', '1982-10-20 19:11:23', '2009-07-28 05:01:16');
INSERT INTO `media` (`id`, `media_type_id`, `user_id`, `filename`, `size`, `metadata`, `created_at`, `updated_at`) VALUES (90, 2, 33, 'ut', 0, 'http://tillman.com/', '1993-03-30 05:47:18', '1977-01-02 11:40:15');
INSERT INTO `media` (`id`, `media_type_id`, `user_id`, `filename`, `size`, `metadata`, `created_at`, `updated_at`) VALUES (91, 3, 57, 'consequatur', 0, 'http://www.wunsch.com/', '1975-10-27 15:23:13', '1970-03-19 00:47:33');
INSERT INTO `media` (`id`, `media_type_id`, `user_id`, `filename`, `size`, `metadata`, `created_at`, `updated_at`) VALUES (92, 2, 14, 'hic', 856093, 'http://champlin.com/', '1971-09-13 17:18:53', '1970-01-09 20:17:55');
INSERT INTO `media` (`id`, `media_type_id`, `user_id`, `filename`, `size`, `metadata`, `created_at`, `updated_at`) VALUES (93, 1, 98, 'sunt', 7325, 'http://hansen.com/', '1994-05-12 22:10:16', '2000-05-31 05:59:06');
INSERT INTO `media` (`id`, `media_type_id`, `user_id`, `filename`, `size`, `metadata`, `created_at`, `updated_at`) VALUES (94, 1, 62, 'non', 97, 'http://www.brakus.org/', '1989-01-10 21:00:42', '1971-10-20 18:31:24');
INSERT INTO `media` (`id`, `media_type_id`, `user_id`, `filename`, `size`, `metadata`, `created_at`, `updated_at`) VALUES (95, 3, 40, 'adipisci', 965537534, 'http://www.bergnaumherzog.com/', '1989-03-29 13:06:32', '1996-10-23 12:32:37');
INSERT INTO `media` (`id`, `media_type_id`, `user_id`, `filename`, `size`, `metadata`, `created_at`, `updated_at`) VALUES (96, 5, 97, 'aspernatur', 0, 'http://metzzemlak.biz/', '1977-05-27 13:09:05', '1990-02-26 02:44:43');
INSERT INTO `media` (`id`, `media_type_id`, `user_id`, `filename`, `size`, `metadata`, `created_at`, `updated_at`) VALUES (97, 4, 80, 'dolores', 18, 'http://schinner.biz/', '2016-10-22 03:18:47', '2010-01-24 09:54:09');
INSERT INTO `media` (`id`, `media_type_id`, `user_id`, `filename`, `size`, `metadata`, `created_at`, `updated_at`) VALUES (98, 1, 88, 'aliquid', 76, 'http://harris.net/', '1999-12-14 02:22:21', '2012-03-22 04:04:22');
INSERT INTO `media` (`id`, `media_type_id`, `user_id`, `filename`, `size`, `metadata`, `created_at`, `updated_at`) VALUES (99, 5, 97, 'et', 7519955, 'http://www.wymanwalter.com/', '2014-05-07 07:26:03', '1991-04-01 11:46:42');
INSERT INTO `media` (`id`, `media_type_id`, `user_id`, `filename`, `size`, `metadata`, `created_at`, `updated_at`) VALUES (100, 4, 47, 'maxime', 84, 'http://cartwright.com/', '1989-05-22 07:20:59', '2011-08-22 20:44:04');


#
# TABLE STRUCTURE FOR: media_types
#

DROP TABLE IF EXISTS `media_types`;

CREATE TABLE `media_types` (
  `id` int(10) unsigned NOT NULL AUTO_INCREMENT,
  `name` varchar(255) COLLATE utf8_unicode_ci NOT NULL,
  PRIMARY KEY (`id`),
  UNIQUE KEY `name` (`name`)
) ENGINE=InnoDB AUTO_INCREMENT=6 DEFAULT CHARSET=utf8 COLLATE=utf8_unicode_ci;

INSERT INTO `media_types` (`id`, `name`) VALUES (2, 'aut');
INSERT INTO `media_types` (`id`, `name`) VALUES (4, 'error');
INSERT INTO `media_types` (`id`, `name`) VALUES (5, 'libero');
INSERT INTO `media_types` (`id`, `name`) VALUES (3, 'rerum');
INSERT INTO `media_types` (`id`, `name`) VALUES (1, 'vel');


#
# TABLE STRUCTURE FOR: messages
#

DROP TABLE IF EXISTS `messages`;

CREATE TABLE `messages` (
  `id` int(10) unsigned NOT NULL AUTO_INCREMENT,
  `from_user_id` int(10) unsigned NOT NULL,
  `to_user_id` int(10) unsigned NOT NULL,
  `body` text COLLATE utf8_unicode_ci NOT NULL,
  `is_important` tinyint(1) DEFAULT NULL,
  `is_delivered` tinyint(1) DEFAULT NULL,
  `created_at` datetime DEFAULT current_timestamp(),
  PRIMARY KEY (`id`)
) ENGINE=InnoDB AUTO_INCREMENT=101 DEFAULT CHARSET=utf8 COLLATE=utf8_unicode_ci;

INSERT INTO `messages` (`id`, `from_user_id`, `to_user_id`, `body`, `is_important`, `is_delivered`, `created_at`) VALUES (1, 92, 86, 'Voluptatum rerum modi ut autem eos illum rerum. Quia animi quam illo beatae. Dolor delectus maiores porro ipsum perferendis quaerat. Nam impedit suscipit voluptatem eos.', 1, 1, '1984-08-24 12:12:43');
INSERT INTO `messages` (`id`, `from_user_id`, `to_user_id`, `body`, `is_important`, `is_delivered`, `created_at`) VALUES (2, 31, 71, 'Repellat cupiditate sunt blanditiis dolorum. Autem quaerat velit officiis temporibus aut. Officiis ullam sapiente perferendis rerum. Qui totam in eaque ut.', 0, 1, '2015-03-06 04:33:07');
INSERT INTO `messages` (`id`, `from_user_id`, `to_user_id`, `body`, `is_important`, `is_delivered`, `created_at`) VALUES (3, 11, 35, 'Qui quod eveniet voluptatum quaerat delectus labore reiciendis rerum. Ipsam provident cupiditate exercitationem perspiciatis enim. Occaecati nam aliquam id facilis earum.', 1, 1, '2007-12-15 13:52:56');
INSERT INTO `messages` (`id`, `from_user_id`, `to_user_id`, `body`, `is_important`, `is_delivered`, `created_at`) VALUES (4, 39, 34, 'Omnis ut id vel non dolorem voluptatem. Velit illo enim quae rem qui repellat. Porro iusto saepe cum ipsum. A hic doloribus repudiandae odit voluptate.', 1, 0, '2006-08-09 23:24:41');
INSERT INTO `messages` (`id`, `from_user_id`, `to_user_id`, `body`, `is_important`, `is_delivered`, `created_at`) VALUES (5, 86, 92, 'Praesentium laboriosam similique quaerat quia enim. Hic explicabo ratione excepturi. Earum natus excepturi laudantium aut iste qui.', 1, 0, '2016-04-21 08:39:28');
INSERT INTO `messages` (`id`, `from_user_id`, `to_user_id`, `body`, `is_important`, `is_delivered`, `created_at`) VALUES (6, 34, 75, 'Modi eius non placeat explicabo. Porro autem est tenetur cumque. Beatae laborum voluptatem occaecati voluptate. Quo quae blanditiis nihil in quae.', 0, 0, '1970-08-24 07:19:25');
INSERT INTO `messages` (`id`, `from_user_id`, `to_user_id`, `body`, `is_important`, `is_delivered`, `created_at`) VALUES (7, 30, 62, 'Quaerat eos fugiat et harum molestias hic. Odio voluptatem quo ducimus delectus ratione aperiam. Libero accusantium laborum neque dignissimos quia.', 1, 0, '1976-05-08 01:09:55');
INSERT INTO `messages` (`id`, `from_user_id`, `to_user_id`, `body`, `is_important`, `is_delivered`, `created_at`) VALUES (8, 16, 13, 'Aut sapiente dolor nihil enim vel consequatur. Sit deserunt provident fuga et repellat deleniti vitae.', 1, 1, '1988-02-19 09:21:49');
INSERT INTO `messages` (`id`, `from_user_id`, `to_user_id`, `body`, `is_important`, `is_delivered`, `created_at`) VALUES (9, 63, 44, 'Accusantium ad nostrum molestiae ipsa dolore dolor. Ratione ea a aut quisquam numquam corporis. Magni id quas quidem quasi aut.', 0, 1, '1979-07-17 01:58:18');
INSERT INTO `messages` (`id`, `from_user_id`, `to_user_id`, `body`, `is_important`, `is_delivered`, `created_at`) VALUES (10, 87, 61, 'Et et ut quam illum nostrum nobis illo. Eveniet qui ut voluptatibus sit. Id corporis sed impedit eligendi vitae voluptas. Similique vero velit reprehenderit autem.', 1, 1, '1997-10-05 20:18:42');
INSERT INTO `messages` (`id`, `from_user_id`, `to_user_id`, `body`, `is_important`, `is_delivered`, `created_at`) VALUES (11, 66, 52, 'Ad veritatis exercitationem placeat quia architecto est aut. Aspernatur rerum qui doloribus corrupti rerum. Rem fugiat nesciunt voluptatem ratione asperiores.', 0, 0, '1986-02-07 08:11:08');
INSERT INTO `messages` (`id`, `from_user_id`, `to_user_id`, `body`, `is_important`, `is_delivered`, `created_at`) VALUES (12, 68, 49, 'Incidunt veritatis inventore quis maxime. Et consequuntur sed cupiditate quaerat hic. Necessitatibus minima eius et dolores. Earum consequatur cumque sed nihil est.', 0, 0, '2016-08-10 04:51:11');
INSERT INTO `messages` (`id`, `from_user_id`, `to_user_id`, `body`, `is_important`, `is_delivered`, `created_at`) VALUES (13, 3, 70, 'Reprehenderit voluptatum tenetur voluptas consequatur voluptatem eum est. Non esse libero minus qui incidunt. Provident fugit voluptatem doloremque aperiam et ut doloremque. Provident eveniet ut et corrupti odit libero dignissimos. Consequatur possimus porro non est perferendis similique debitis.', 1, 1, '2004-05-31 19:38:19');
INSERT INTO `messages` (`id`, `from_user_id`, `to_user_id`, `body`, `is_important`, `is_delivered`, `created_at`) VALUES (14, 30, 57, 'Necessitatibus hic consequatur incidunt natus. Eaque ea quibusdam non atque nostrum earum. Unde voluptatem corrupti ut at vel praesentium vel.', 0, 1, '1978-11-28 19:23:46');
INSERT INTO `messages` (`id`, `from_user_id`, `to_user_id`, `body`, `is_important`, `is_delivered`, `created_at`) VALUES (15, 28, 51, 'Excepturi ipsa esse rerum vel sed a rem asperiores. Architecto earum modi excepturi quia sunt saepe omnis.', 0, 1, '1972-08-10 06:45:58');
INSERT INTO `messages` (`id`, `from_user_id`, `to_user_id`, `body`, `is_important`, `is_delivered`, `created_at`) VALUES (16, 86, 20, 'Voluptas numquam qui omnis a quos dolores. Labore labore nihil necessitatibus asperiores nihil ipsum. Non eos quos illum blanditiis.', 1, 1, '1980-04-28 00:12:56');
INSERT INTO `messages` (`id`, `from_user_id`, `to_user_id`, `body`, `is_important`, `is_delivered`, `created_at`) VALUES (17, 37, 17, 'Sunt quidem eos quo cum nostrum eaque. Neque corrupti et sit numquam laboriosam. Doloribus maiores eaque cum maiores.', 0, 1, '1978-06-06 05:28:02');
INSERT INTO `messages` (`id`, `from_user_id`, `to_user_id`, `body`, `is_important`, `is_delivered`, `created_at`) VALUES (18, 91, 47, 'Dolores quibusdam aut at. Tempora et perspiciatis aut et corrupti. Dolores nobis quisquam sed suscipit ipsam. Expedita animi aut voluptatem ad laboriosam quam facilis.', 0, 1, '1977-09-07 12:53:11');
INSERT INTO `messages` (`id`, `from_user_id`, `to_user_id`, `body`, `is_important`, `is_delivered`, `created_at`) VALUES (19, 51, 29, 'Dolores tenetur incidunt officia quae reprehenderit repellendus. Pariatur nesciunt non vitae modi. Autem voluptatibus praesentium corporis inventore vel. Aspernatur enim sed error vel ducimus et quasi. Similique omnis explicabo dolores ipsam.', 0, 1, '2000-01-19 18:06:06');
INSERT INTO `messages` (`id`, `from_user_id`, `to_user_id`, `body`, `is_important`, `is_delivered`, `created_at`) VALUES (20, 80, 36, 'Qui amet sint autem illo at ducimus. Et consequatur rerum sit et. Dolorem nulla et recusandae dignissimos esse qui. Aspernatur quia qui eaque nemo accusantium consectetur.', 1, 1, '2011-02-08 07:40:03');
INSERT INTO `messages` (`id`, `from_user_id`, `to_user_id`, `body`, `is_important`, `is_delivered`, `created_at`) VALUES (21, 21, 14, 'Aut et quia neque laudantium. Tempora voluptatibus ipsum corrupti aut suscipit. Voluptatum eius est quia et ad.', 1, 1, '2007-06-07 07:01:47');
INSERT INTO `messages` (`id`, `from_user_id`, `to_user_id`, `body`, `is_important`, `is_delivered`, `created_at`) VALUES (22, 11, 50, 'Voluptatem numquam dolores velit doloremque iusto consequatur sint. Cumque libero eum quas debitis aut illum consequatur. Non rem quia ad quis enim. Est itaque perspiciatis ab veritatis.', 1, 1, '1990-01-14 19:50:58');
INSERT INTO `messages` (`id`, `from_user_id`, `to_user_id`, `body`, `is_important`, `is_delivered`, `created_at`) VALUES (23, 76, 27, 'Laborum molestias quia sapiente. Laudantium excepturi ut aut omnis et qui beatae. Dolorem architecto occaecati qui deleniti quae vel aut. Reprehenderit veniam corrupti impedit aut aperiam.', 0, 0, '1987-12-06 16:30:55');
INSERT INTO `messages` (`id`, `from_user_id`, `to_user_id`, `body`, `is_important`, `is_delivered`, `created_at`) VALUES (24, 62, 38, 'Consequatur ut aut et. Qui voluptas occaecati qui ut. Tempore vero consequuntur recusandae laudantium suscipit eveniet. Natus aut dolorem animi omnis similique blanditiis molestias alias.', 0, 0, '1970-11-20 17:33:56');
INSERT INTO `messages` (`id`, `from_user_id`, `to_user_id`, `body`, `is_important`, `is_delivered`, `created_at`) VALUES (25, 70, 49, 'Architecto aperiam quod eveniet explicabo rerum saepe consequatur. Quidem voluptates sint sint debitis veniam nihil vitae. Sint molestias ad molestias quidem. Repudiandae nostrum consectetur deserunt eum.', 0, 1, '1991-10-03 20:11:58');
INSERT INTO `messages` (`id`, `from_user_id`, `to_user_id`, `body`, `is_important`, `is_delivered`, `created_at`) VALUES (26, 99, 36, 'Quis fugit officiis dolores rerum architecto ipsam et. Explicabo et vel voluptatem porro consequatur exercitationem. Et recusandae vero a ipsam est.', 0, 1, '1999-12-16 01:08:26');
INSERT INTO `messages` (`id`, `from_user_id`, `to_user_id`, `body`, `is_important`, `is_delivered`, `created_at`) VALUES (27, 100, 66, 'Voluptatibus non soluta consequatur autem. Sint quibusdam iure ut blanditiis pariatur. Voluptatem laboriosam aperiam quisquam libero. Quaerat ut quo voluptates aperiam. Voluptas illo aperiam consectetur et et voluptatem aut ea.', 1, 1, '2000-02-28 22:10:26');
INSERT INTO `messages` (`id`, `from_user_id`, `to_user_id`, `body`, `is_important`, `is_delivered`, `created_at`) VALUES (28, 85, 3, 'Magni iure cumque quisquam hic natus aut. Quasi voluptas repellat doloremque perspiciatis. Aliquam ut dolorem qui quas. Dolores magni dolore dolorem necessitatibus perspiciatis cupiditate voluptas odit.', 0, 1, '1978-12-22 17:10:15');
INSERT INTO `messages` (`id`, `from_user_id`, `to_user_id`, `body`, `is_important`, `is_delivered`, `created_at`) VALUES (29, 36, 14, 'Pariatur ab delectus enim ut dolorum natus. Illo minima eum quia nemo.', 0, 1, '1992-08-03 12:31:28');
INSERT INTO `messages` (`id`, `from_user_id`, `to_user_id`, `body`, `is_important`, `is_delivered`, `created_at`) VALUES (30, 60, 63, 'Quibusdam ut quia voluptatem quis et. Porro tenetur enim fugit vero laboriosam omnis aliquid. Necessitatibus sed ipsa totam ratione ullam vel quidem. Molestiae nam consequatur consequuntur aperiam molestias blanditiis debitis placeat.', 1, 0, '1972-12-09 02:58:53');
INSERT INTO `messages` (`id`, `from_user_id`, `to_user_id`, `body`, `is_important`, `is_delivered`, `created_at`) VALUES (31, 65, 45, 'Nam itaque quas exercitationem qui voluptates. Possimus atque qui sed. Expedita illum quia et temporibus voluptatum dolores quia incidunt.', 1, 1, '1987-05-10 04:12:36');
INSERT INTO `messages` (`id`, `from_user_id`, `to_user_id`, `body`, `is_important`, `is_delivered`, `created_at`) VALUES (32, 83, 1, 'Itaque qui quia alias amet quam. Sed debitis accusantium unde vel explicabo reprehenderit non. Possimus est minima ut amet quia.', 1, 0, '2010-09-05 15:55:28');
INSERT INTO `messages` (`id`, `from_user_id`, `to_user_id`, `body`, `is_important`, `is_delivered`, `created_at`) VALUES (33, 62, 73, 'Et at et illum asperiores animi minus. Dignissimos consectetur et magnam nemo tenetur culpa nam. Et perspiciatis qui laudantium officiis recusandae. Perspiciatis est nostrum officiis eos eos earum harum cumque.', 0, 0, '1981-01-28 18:40:30');
INSERT INTO `messages` (`id`, `from_user_id`, `to_user_id`, `body`, `is_important`, `is_delivered`, `created_at`) VALUES (34, 47, 12, 'Similique adipisci aut vel laudantium consectetur. Et laborum qui voluptatem voluptas et. Doloremque nihil id aliquam eaque. Excepturi et rerum aut qui.', 0, 1, '1992-03-15 23:07:39');
INSERT INTO `messages` (`id`, `from_user_id`, `to_user_id`, `body`, `is_important`, `is_delivered`, `created_at`) VALUES (35, 1, 27, 'Quia perferendis laudantium accusamus eligendi et doloremque. Expedita et fugiat aliquid magnam excepturi quod sunt consequatur. Et aut quo veniam laborum aliquam aliquam. Aut dicta mollitia est et quibusdam voluptatibus.', 0, 0, '1996-05-15 12:36:06');
INSERT INTO `messages` (`id`, `from_user_id`, `to_user_id`, `body`, `is_important`, `is_delivered`, `created_at`) VALUES (36, 48, 22, 'Accusamus eveniet sapiente error vel ex. Quibusdam veritatis explicabo necessitatibus optio ab sit. Dolor cumque consequuntur ut et. Et autem ab vel eligendi culpa. Quia et voluptatibus recusandae sit mollitia et.', 0, 1, '2013-09-24 01:59:59');
INSERT INTO `messages` (`id`, `from_user_id`, `to_user_id`, `body`, `is_important`, `is_delivered`, `created_at`) VALUES (37, 41, 58, 'Itaque rem sed qui libero qui iure vel veniam. Voluptate harum molestiae et doloremque vel dolores. Odit perferendis atque quis nihil officiis sapiente dolorem.', 0, 1, '2004-04-03 12:17:51');
INSERT INTO `messages` (`id`, `from_user_id`, `to_user_id`, `body`, `is_important`, `is_delivered`, `created_at`) VALUES (38, 71, 16, 'Nesciunt molestias sit sed quae voluptates aut sunt. Voluptatibus iste rerum neque numquam. Ipsum aperiam quis et est soluta possimus. In explicabo praesentium qui. Ab dolor laudantium aliquam harum aperiam veniam.', 0, 1, '1979-08-02 12:02:02');
INSERT INTO `messages` (`id`, `from_user_id`, `to_user_id`, `body`, `is_important`, `is_delivered`, `created_at`) VALUES (39, 84, 33, 'Dolore nulla voluptates consectetur totam enim aliquam saepe. Quidem molestias laudantium doloremque cumque tenetur hic ut quaerat. Eum id eligendi quisquam consequuntur corrupti laboriosam. Beatae fugit ratione delectus nulla.', 0, 0, '2016-06-30 06:17:56');
INSERT INTO `messages` (`id`, `from_user_id`, `to_user_id`, `body`, `is_important`, `is_delivered`, `created_at`) VALUES (40, 53, 54, 'Ratione sed tenetur perferendis placeat sed sint omnis. Commodi quod et velit laborum. Nesciunt illum magni optio eos ut. Pariatur cupiditate iure at inventore et et quo.', 1, 1, '2013-09-27 23:10:33');
INSERT INTO `messages` (`id`, `from_user_id`, `to_user_id`, `body`, `is_important`, `is_delivered`, `created_at`) VALUES (41, 81, 52, 'Doloremque explicabo reprehenderit quas. Voluptas culpa fuga ea quis est est et. Aut aut nulla sint praesentium fugiat.', 0, 1, '1991-10-22 07:48:31');
INSERT INTO `messages` (`id`, `from_user_id`, `to_user_id`, `body`, `is_important`, `is_delivered`, `created_at`) VALUES (42, 90, 80, 'Cumque sed dolor aut molestiae quia. Ut facere ipsa totam quia recusandae aut voluptatem et. Et incidunt debitis est dolores cum optio quo consequatur. Odit nostrum ut est in similique minima.', 0, 1, '2000-05-07 03:43:26');
INSERT INTO `messages` (`id`, `from_user_id`, `to_user_id`, `body`, `is_important`, `is_delivered`, `created_at`) VALUES (43, 18, 74, 'Hic inventore adipisci id et. Tempore dolorem incidunt voluptas qui consequatur fugiat. Nulla et eligendi voluptates molestias minus aut. Et nam maiores et quo rerum aut numquam et.', 0, 1, '1999-12-16 13:44:37');
INSERT INTO `messages` (`id`, `from_user_id`, `to_user_id`, `body`, `is_important`, `is_delivered`, `created_at`) VALUES (44, 82, 53, 'Dolore et commodi illum aperiam exercitationem porro. Ut dolores inventore laboriosam enim eos. Vel totam esse aut officia. Quae autem non aut illo nisi quaerat.', 0, 0, '1979-12-15 07:24:32');
INSERT INTO `messages` (`id`, `from_user_id`, `to_user_id`, `body`, `is_important`, `is_delivered`, `created_at`) VALUES (45, 88, 41, 'Et perferendis ut esse sunt perspiciatis in. Amet non ab eligendi aliquam minus ipsa consequatur. Dolorum dolor doloremque perspiciatis sed saepe natus voluptatem ut. Impedit enim sint beatae odio voluptate exercitationem ratione. Ut ipsa rerum mollitia aut eius.', 0, 0, '1971-06-11 21:16:14');
INSERT INTO `messages` (`id`, `from_user_id`, `to_user_id`, `body`, `is_important`, `is_delivered`, `created_at`) VALUES (46, 16, 52, 'Corporis tempore et exercitationem aut necessitatibus sunt et. Voluptatem vero eos ut provident. Consequatur repellat inventore quia eaque.', 0, 0, '1970-09-08 07:08:00');
INSERT INTO `messages` (`id`, `from_user_id`, `to_user_id`, `body`, `is_important`, `is_delivered`, `created_at`) VALUES (47, 86, 98, 'Dicta sit dolorem quo dolor quod sequi. Omnis eos esse minus quaerat dignissimos ipsam quia assumenda. Mollitia in expedita ea sequi laboriosam sequi aut.', 0, 0, '2004-11-05 07:03:33');
INSERT INTO `messages` (`id`, `from_user_id`, `to_user_id`, `body`, `is_important`, `is_delivered`, `created_at`) VALUES (48, 52, 47, 'Voluptatum aut molestiae omnis. Sapiente ex ex quia.', 0, 0, '2007-05-27 03:18:27');
INSERT INTO `messages` (`id`, `from_user_id`, `to_user_id`, `body`, `is_important`, `is_delivered`, `created_at`) VALUES (49, 71, 99, 'Sed nemo quis ea ut rerum. Rerum architecto iure sit numquam eos cupiditate voluptates. Quia nulla illum earum quisquam itaque. Quo corrupti alias voluptatem provident amet ut minus.', 1, 0, '1989-10-18 19:10:15');
INSERT INTO `messages` (`id`, `from_user_id`, `to_user_id`, `body`, `is_important`, `is_delivered`, `created_at`) VALUES (50, 59, 72, 'Quis perferendis odio sed vero id eum ut. Eum pariatur recusandae et ut. Corporis voluptatem aut rerum repudiandae possimus inventore. Magni et qui rem tenetur iste dolore. Quia necessitatibus ut architecto quos reprehenderit quaerat vero.', 1, 1, '1985-02-04 02:10:29');
INSERT INTO `messages` (`id`, `from_user_id`, `to_user_id`, `body`, `is_important`, `is_delivered`, `created_at`) VALUES (51, 25, 6, 'Autem excepturi natus minima alias. Sed aspernatur voluptatem optio et blanditiis vero a consectetur. Quibusdam ea sint reprehenderit cumque placeat laboriosam. Et atque ex soluta voluptate alias fugiat.', 1, 0, '2016-10-13 05:52:40');
INSERT INTO `messages` (`id`, `from_user_id`, `to_user_id`, `body`, `is_important`, `is_delivered`, `created_at`) VALUES (52, 93, 65, 'Ut rerum fuga consequuntur natus delectus voluptatem. Qui est natus ab reiciendis. Rerum voluptas asperiores velit sed iusto voluptatem. Fugit alias rerum dolores voluptates repellendus.', 0, 1, '1995-10-31 12:34:27');
INSERT INTO `messages` (`id`, `from_user_id`, `to_user_id`, `body`, `is_important`, `is_delivered`, `created_at`) VALUES (53, 64, 64, 'Harum quo assumenda qui architecto sit nam. Explicabo pariatur voluptates officiis dolor eligendi et.', 0, 1, '2011-08-11 21:29:56');
INSERT INTO `messages` (`id`, `from_user_id`, `to_user_id`, `body`, `is_important`, `is_delivered`, `created_at`) VALUES (54, 80, 48, 'Dolore et eos et sed iste repellat. Deserunt id autem architecto a cumque omnis. Vel esse minus et aliquid eveniet incidunt blanditiis odio.', 0, 0, '2016-06-02 19:44:04');
INSERT INTO `messages` (`id`, `from_user_id`, `to_user_id`, `body`, `is_important`, `is_delivered`, `created_at`) VALUES (55, 96, 33, 'Repellat iusto ipsum nesciunt unde. Et et omnis iste sit laborum id non. Molestiae dolores quo error cum. Ut reprehenderit illum iusto perferendis omnis et. Sed qui illo ducimus sed autem ipsum.', 0, 1, '1974-12-18 03:23:28');
INSERT INTO `messages` (`id`, `from_user_id`, `to_user_id`, `body`, `is_important`, `is_delivered`, `created_at`) VALUES (56, 2, 76, 'Saepe repellendus et sunt ut et ut ex. Eveniet nulla et quia totam enim laboriosam placeat.', 0, 0, '1999-06-01 10:22:00');
INSERT INTO `messages` (`id`, `from_user_id`, `to_user_id`, `body`, `is_important`, `is_delivered`, `created_at`) VALUES (57, 85, 91, 'Asperiores dolorum et quam culpa est et soluta ratione. Incidunt necessitatibus laboriosam id et aut. Sequi fuga est quas molestias. Error molestiae pariatur illo hic voluptatem.', 0, 0, '1990-02-03 11:54:21');
INSERT INTO `messages` (`id`, `from_user_id`, `to_user_id`, `body`, `is_important`, `is_delivered`, `created_at`) VALUES (58, 55, 2, 'Temporibus eligendi magni necessitatibus consequatur incidunt qui est. Et autem et consequatur nihil fugiat consequuntur. Ullam blanditiis quasi vel.', 1, 0, '1991-06-24 17:56:31');
INSERT INTO `messages` (`id`, `from_user_id`, `to_user_id`, `body`, `is_important`, `is_delivered`, `created_at`) VALUES (59, 65, 37, 'Sint soluta totam occaecati commodi quia. Ea ut et culpa ex. Assumenda rerum voluptatum deserunt saepe aut ea. Cum et maxime et reprehenderit.', 0, 1, '1974-05-28 07:02:32');
INSERT INTO `messages` (`id`, `from_user_id`, `to_user_id`, `body`, `is_important`, `is_delivered`, `created_at`) VALUES (60, 54, 52, 'Assumenda voluptatum autem et eum id. Hic sunt dolores qui qui. Doloribus et laudantium excepturi unde. Adipisci quia quia qui perspiciatis tenetur explicabo. Qui quaerat est nisi cupiditate excepturi aut.', 0, 0, '2000-11-19 23:53:39');
INSERT INTO `messages` (`id`, `from_user_id`, `to_user_id`, `body`, `is_important`, `is_delivered`, `created_at`) VALUES (61, 78, 70, 'Beatae et occaecati quidem autem aut voluptatem nihil culpa. Vero ratione voluptas eaque tempora eveniet amet nesciunt at. Amet veritatis assumenda rem.', 1, 0, '1996-08-09 04:05:15');
INSERT INTO `messages` (`id`, `from_user_id`, `to_user_id`, `body`, `is_important`, `is_delivered`, `created_at`) VALUES (62, 4, 64, 'Aspernatur laudantium est in quia modi quos quo in. Repudiandae velit architecto vel dolores aut vel. Beatae earum consequuntur excepturi est repellat et. Dolorum rem eos animi deleniti expedita dignissimos.', 0, 1, '1989-09-21 01:41:44');
INSERT INTO `messages` (`id`, `from_user_id`, `to_user_id`, `body`, `is_important`, `is_delivered`, `created_at`) VALUES (63, 67, 56, 'Vel qui officia est sapiente rerum quis molestiae. Voluptatibus numquam doloribus libero eum aspernatur pariatur quia. Consequatur ex fugiat quas cum non vel laudantium. Accusamus fuga dolores fuga voluptatem perferendis praesentium quia.', 0, 0, '1983-04-02 00:19:33');
INSERT INTO `messages` (`id`, `from_user_id`, `to_user_id`, `body`, `is_important`, `is_delivered`, `created_at`) VALUES (64, 10, 38, 'Reiciendis numquam dolores corrupti. Molestiae facere quod aliquid velit.', 1, 1, '2005-12-17 19:56:13');
INSERT INTO `messages` (`id`, `from_user_id`, `to_user_id`, `body`, `is_important`, `is_delivered`, `created_at`) VALUES (65, 54, 69, 'Nobis nisi sapiente soluta consequatur nisi. Inventore itaque quae vel ullam sit tempore. Eaque quae sint nemo accusamus. Veritatis sed est sed beatae voluptatem fuga voluptas.', 0, 1, '2014-08-26 21:21:11');
INSERT INTO `messages` (`id`, `from_user_id`, `to_user_id`, `body`, `is_important`, `is_delivered`, `created_at`) VALUES (66, 9, 79, 'Natus repellat qui fuga minus. Non consequatur vel eveniet aut minus recusandae a. Voluptatem ipsa odit commodi consequuntur quia. Sunt possimus quibusdam asperiores ab modi dolores. Animi quis adipisci totam odit et consequatur dolores.', 1, 0, '2005-07-17 07:34:34');
INSERT INTO `messages` (`id`, `from_user_id`, `to_user_id`, `body`, `is_important`, `is_delivered`, `created_at`) VALUES (67, 74, 2, 'Autem ut quasi ipsa accusantium tenetur eos soluta et. Rem inventore deleniti magnam perspiciatis est rerum. Et rerum doloribus sunt rerum consequatur labore dolore. Maxime consequatur eum eum tempora enim perspiciatis.', 0, 1, '2005-09-13 01:16:40');
INSERT INTO `messages` (`id`, `from_user_id`, `to_user_id`, `body`, `is_important`, `is_delivered`, `created_at`) VALUES (68, 43, 38, 'Repellendus dolorem quia et velit. Aut placeat voluptatem aut molestiae.', 1, 1, '1970-08-28 14:45:28');
INSERT INTO `messages` (`id`, `from_user_id`, `to_user_id`, `body`, `is_important`, `is_delivered`, `created_at`) VALUES (69, 65, 23, 'Dolor sed nihil ipsa rerum. Est occaecati dignissimos rerum quam corrupti. Dicta perferendis accusantium dolores non et. Ipsum aut molestias qui.', 1, 1, '2002-10-29 21:09:59');
INSERT INTO `messages` (`id`, `from_user_id`, `to_user_id`, `body`, `is_important`, `is_delivered`, `created_at`) VALUES (70, 86, 60, 'Aut consectetur perferendis odio deleniti accusantium rerum sit. Facere et quo incidunt itaque. Tempore facere minima incidunt.', 1, 1, '1996-11-20 18:41:29');
INSERT INTO `messages` (`id`, `from_user_id`, `to_user_id`, `body`, `is_important`, `is_delivered`, `created_at`) VALUES (71, 56, 87, 'Harum laboriosam fugit distinctio occaecati est soluta reprehenderit. Distinctio sunt illo quam iste. Est cupiditate fuga consequuntur maiores est totam enim.', 0, 0, '1988-09-20 06:26:06');
INSERT INTO `messages` (`id`, `from_user_id`, `to_user_id`, `body`, `is_important`, `is_delivered`, `created_at`) VALUES (72, 36, 40, 'Quos ut odit quis sint necessitatibus nihil voluptatum. Et odio consectetur alias. Voluptatem neque iure aspernatur eaque. Quia culpa sed possimus rerum.', 1, 0, '1999-01-16 01:13:45');
INSERT INTO `messages` (`id`, `from_user_id`, `to_user_id`, `body`, `is_important`, `is_delivered`, `created_at`) VALUES (73, 78, 91, 'Temporibus laudantium fuga dicta non voluptatem. Officiis cupiditate consectetur in quibusdam. Minima ut impedit cumque autem sunt aperiam facilis nam.', 1, 1, '1980-12-07 10:35:53');
INSERT INTO `messages` (`id`, `from_user_id`, `to_user_id`, `body`, `is_important`, `is_delivered`, `created_at`) VALUES (74, 42, 42, 'Quia voluptatum non commodi aperiam. Aperiam est ea quis voluptatem et quo. Illum qui aspernatur quidem alias.', 0, 1, '2018-05-08 04:51:18');
INSERT INTO `messages` (`id`, `from_user_id`, `to_user_id`, `body`, `is_important`, `is_delivered`, `created_at`) VALUES (75, 27, 96, 'Pariatur cupiditate ipsum libero illo ipsum. Qui molestiae aut rerum. Ea sed quia quibusdam et voluptatibus ut. Fugiat rerum possimus eligendi perferendis omnis vitae.', 0, 1, '2003-08-03 09:40:22');
INSERT INTO `messages` (`id`, `from_user_id`, `to_user_id`, `body`, `is_important`, `is_delivered`, `created_at`) VALUES (76, 94, 5, 'Quos nulla assumenda cum consequuntur earum libero. Earum molestiae sit a dolores. Dignissimos beatae aut at quidem ab qui. At tempore ullam adipisci itaque.', 0, 0, '1986-08-15 13:05:50');
INSERT INTO `messages` (`id`, `from_user_id`, `to_user_id`, `body`, `is_important`, `is_delivered`, `created_at`) VALUES (77, 65, 97, 'Sit quo facilis est eius veritatis doloribus. Minima reprehenderit ullam impedit voluptatem aut et veritatis. Sed nemo quo est fugit consequatur dolorem.', 1, 0, '1984-04-09 10:19:03');
INSERT INTO `messages` (`id`, `from_user_id`, `to_user_id`, `body`, `is_important`, `is_delivered`, `created_at`) VALUES (78, 68, 32, 'Repellendus quis aliquam veritatis dolorum. Fuga aut nesciunt quia architecto qui. Qui et est sint totam quo voluptas. Ut voluptate occaecati sint eos excepturi ut non.', 1, 0, '1996-02-28 09:54:25');
INSERT INTO `messages` (`id`, `from_user_id`, `to_user_id`, `body`, `is_important`, `is_delivered`, `created_at`) VALUES (79, 52, 78, 'Ut adipisci consequatur vero molestias itaque. Molestiae officia et enim beatae ea ut qui. Eum exercitationem aut ad. Aut delectus molestiae aspernatur enim dolorem.', 1, 1, '1983-04-25 11:46:26');
INSERT INTO `messages` (`id`, `from_user_id`, `to_user_id`, `body`, `is_important`, `is_delivered`, `created_at`) VALUES (80, 69, 6, 'Vel qui veniam rerum ut. Voluptates esse cupiditate perferendis quae. Nobis minus dolor repellendus.', 0, 1, '2009-08-23 00:23:11');
INSERT INTO `messages` (`id`, `from_user_id`, `to_user_id`, `body`, `is_important`, `is_delivered`, `created_at`) VALUES (81, 46, 78, 'Totam et corrupti omnis fuga et reprehenderit eos. Facere dolore qui sed. Magnam quibusdam laudantium nostrum et eaque qui quo aut. Omnis veniam dolorem aut sit.', 0, 0, '1984-07-04 16:09:56');
INSERT INTO `messages` (`id`, `from_user_id`, `to_user_id`, `body`, `is_important`, `is_delivered`, `created_at`) VALUES (82, 84, 20, 'Enim reiciendis magnam rerum magnam consequatur eos consequuntur. Qui qui sapiente dolorem impedit natus vel. Facere maxime odio voluptatem voluptatem occaecati accusantium et.', 0, 1, '2012-03-11 08:57:22');
INSERT INTO `messages` (`id`, `from_user_id`, `to_user_id`, `body`, `is_important`, `is_delivered`, `created_at`) VALUES (83, 79, 27, 'Eum debitis neque nulla iure velit. Vel ab tenetur eos esse magni.', 0, 1, '1971-12-19 06:45:42');
INSERT INTO `messages` (`id`, `from_user_id`, `to_user_id`, `body`, `is_important`, `is_delivered`, `created_at`) VALUES (84, 58, 43, 'Iste reprehenderit voluptas quae sunt. Sed et nihil animi ad ullam. Enim aut est saepe esse cum est qui repellendus. Sunt ratione nemo iusto. Ea est non dolorum est voluptatum.', 0, 0, '1972-11-12 22:31:38');
INSERT INTO `messages` (`id`, `from_user_id`, `to_user_id`, `body`, `is_important`, `is_delivered`, `created_at`) VALUES (85, 50, 43, 'Molestiae et autem aut qui et qui. Cum explicabo eius nobis neque dignissimos quam repudiandae. Aliquid repudiandae laudantium sit est quis.', 0, 1, '1991-01-30 12:12:25');
INSERT INTO `messages` (`id`, `from_user_id`, `to_user_id`, `body`, `is_important`, `is_delivered`, `created_at`) VALUES (86, 3, 5, 'Eaque suscipit repellat laborum corrupti qui. Quia illum tempore ea voluptatum nesciunt.', 0, 1, '1977-12-21 04:03:54');
INSERT INTO `messages` (`id`, `from_user_id`, `to_user_id`, `body`, `is_important`, `is_delivered`, `created_at`) VALUES (87, 29, 38, 'Nihil quae sed tempore earum sit voluptatum. Sint et quis officiis rerum tempora reiciendis consequatur iste. Quas non debitis cupiditate sint delectus suscipit veniam. Dolorum porro ut nihil.', 1, 0, '1999-08-09 14:53:07');
INSERT INTO `messages` (`id`, `from_user_id`, `to_user_id`, `body`, `is_important`, `is_delivered`, `created_at`) VALUES (88, 45, 6, 'Ducimus deleniti beatae est laborum aperiam. Et accusamus ea quibusdam quis similique distinctio voluptate. Eveniet error consequatur nam dolores.', 1, 0, '2013-10-21 10:18:32');
INSERT INTO `messages` (`id`, `from_user_id`, `to_user_id`, `body`, `is_important`, `is_delivered`, `created_at`) VALUES (89, 28, 86, 'Alias corrupti repudiandae ratione quisquam. Aliquam iusto autem quam similique architecto veniam. Nesciunt eos debitis recusandae porro. Enim culpa non animi non vero.', 0, 0, '1996-12-28 22:43:32');
INSERT INTO `messages` (`id`, `from_user_id`, `to_user_id`, `body`, `is_important`, `is_delivered`, `created_at`) VALUES (90, 48, 55, 'Corrupti et harum libero quibusdam at. Delectus ex sint earum deleniti. Nulla provident voluptatem sed est ea voluptatibus soluta quasi.', 0, 1, '1977-10-13 14:22:12');
INSERT INTO `messages` (`id`, `from_user_id`, `to_user_id`, `body`, `is_important`, `is_delivered`, `created_at`) VALUES (91, 81, 41, 'Voluptatem eum fugit labore esse quidem. Fuga est maxime accusantium sed dolore. Et fugiat nisi rem quia. Laborum et molestiae molestias dolore dolor laborum.', 0, 1, '1984-02-08 14:40:24');
INSERT INTO `messages` (`id`, `from_user_id`, `to_user_id`, `body`, `is_important`, `is_delivered`, `created_at`) VALUES (92, 59, 46, 'Adipisci aspernatur provident excepturi similique porro illum dignissimos. Voluptatem voluptatem et fuga rem tempore consequuntur vitae rerum. Tempora natus possimus quia aut libero.', 0, 0, '1970-07-05 23:23:03');
INSERT INTO `messages` (`id`, `from_user_id`, `to_user_id`, `body`, `is_important`, `is_delivered`, `created_at`) VALUES (93, 38, 27, 'Aut velit molestiae quo. Dolor totam nostrum sint reprehenderit ea rerum. Suscipit aut pariatur ipsam repudiandae.', 1, 0, '2007-04-11 12:14:17');
INSERT INTO `messages` (`id`, `from_user_id`, `to_user_id`, `body`, `is_important`, `is_delivered`, `created_at`) VALUES (94, 77, 90, 'Voluptatem unde ipsa dolores dicta exercitationem molestiae. Rerum doloribus deleniti velit laboriosam voluptas. Ipsum dolores alias voluptate. Cumque animi officiis doloribus et.', 0, 1, '1984-09-16 01:55:42');
INSERT INTO `messages` (`id`, `from_user_id`, `to_user_id`, `body`, `is_important`, `is_delivered`, `created_at`) VALUES (95, 5, 46, 'Et veniam ab occaecati consequuntur voluptatum. At dolorem sed aut odio porro sed nobis. Autem nesciunt veritatis velit aperiam omnis dolorem rerum. Fugiat nostrum id facilis ut cum explicabo consequatur.', 0, 1, '1998-07-31 11:09:51');
INSERT INTO `messages` (`id`, `from_user_id`, `to_user_id`, `body`, `is_important`, `is_delivered`, `created_at`) VALUES (96, 95, 51, 'Dolorum aspernatur voluptatem consequatur quis error. Modi voluptas rerum quo rerum eveniet accusamus harum. Eaque corrupti commodi itaque similique quasi exercitationem sequi.', 0, 0, '1971-11-29 04:25:03');
INSERT INTO `messages` (`id`, `from_user_id`, `to_user_id`, `body`, `is_important`, `is_delivered`, `created_at`) VALUES (97, 23, 79, 'Repellat aut sit iure laborum autem ullam nostrum. Pariatur et ut quae exercitationem numquam. Quia perspiciatis expedita itaque veniam tempora est. Dicta nulla quis blanditiis et consequuntur natus.', 0, 0, '1983-01-14 12:47:58');
INSERT INTO `messages` (`id`, `from_user_id`, `to_user_id`, `body`, `is_important`, `is_delivered`, `created_at`) VALUES (98, 70, 1, 'Rerum consequuntur qui suscipit exercitationem. Vitae quibusdam voluptate beatae et modi. Praesentium est rerum distinctio cumque neque possimus. Quod qui nesciunt modi et natus autem.', 0, 0, '2006-01-13 08:48:50');
INSERT INTO `messages` (`id`, `from_user_id`, `to_user_id`, `body`, `is_important`, `is_delivered`, `created_at`) VALUES (99, 5, 28, 'Aut tempora repellat cum tenetur reprehenderit eum. Fugit corrupti et nostrum sit molestiae eaque in aliquam. Aliquam soluta quia sed repellat aperiam aperiam officiis dolores. Fugiat nam sed nihil sunt.', 1, 0, '1986-04-23 06:00:03');
INSERT INTO `messages` (`id`, `from_user_id`, `to_user_id`, `body`, `is_important`, `is_delivered`, `created_at`) VALUES (100, 44, 54, 'Aliquid dolorem voluptas eaque odit autem. Voluptas dolor repudiandae animi quidem omnis. Quos enim non harum laudantium in. Qui doloremque dicta ipsam sunt qui ullam cum illo.', 1, 0, '1982-01-17 13:40:59');


#
# TABLE STRUCTURE FOR: profiles
#

DROP TABLE IF EXISTS `profiles`;

CREATE TABLE `profiles` (
  `id_user` int(10) unsigned NOT NULL,
  `birthdate` date DEFAULT NULL,
  `sex` char(1) COLLATE utf8_unicode_ci NOT NULL,
  `city` varchar(100) COLLATE utf8_unicode_ci DEFAULT NULL,
  `country` varchar(100) COLLATE utf8_unicode_ci DEFAULT NULL,
  `photo_id` int(10) unsigned DEFAULT NULL,
  `created_at` datetime DEFAULT current_timestamp(),
  `updated_at` datetime DEFAULT current_timestamp() ON UPDATE current_timestamp(),
  PRIMARY KEY (`id_user`)
) ENGINE=InnoDB DEFAULT CHARSET=utf8 COLLATE=utf8_unicode_ci;

INSERT INTO `profiles` (`id_user`, `birthdate`, `sex`, `city`, `country`, `photo_id`, `created_at`, `updated_at`) VALUES (1, '1982-05-11', 'x', 'Zenaville', '4728', 1, '1981-06-15 09:25:48', '1976-07-21 21:05:13');
INSERT INTO `profiles` (`id_user`, `birthdate`, `sex`, `city`, `country`, `photo_id`, `created_at`, `updated_at`) VALUES (2, '1971-07-14', 'z', 'Haskellshire', '', 2, '2006-06-16 07:05:06', '2019-07-25 19:05:49');
INSERT INTO `profiles` (`id_user`, `birthdate`, `sex`, `city`, `country`, `photo_id`, `created_at`, `updated_at`) VALUES (3, '2001-03-04', 'm', 'Lake Tyriquefort', '178807429', 3, '1976-01-26 06:34:09', '1988-08-16 00:45:32');
INSERT INTO `profiles` (`id_user`, `birthdate`, `sex`, `city`, `country`, `photo_id`, `created_at`, `updated_at`) VALUES (4, '1991-03-11', 'e', 'Lake Vellashire', '90618', 4, '1990-11-27 18:36:48', '2005-10-08 06:12:15');
INSERT INTO `profiles` (`id_user`, `birthdate`, `sex`, `city`, `country`, `photo_id`, `created_at`, `updated_at`) VALUES (5, '2006-08-28', 'd', 'East Garth', '8118', 5, '1999-03-09 15:34:39', '1977-08-19 05:06:50');
INSERT INTO `profiles` (`id_user`, `birthdate`, `sex`, `city`, `country`, `photo_id`, `created_at`, `updated_at`) VALUES (6, '1983-04-22', 'c', 'Mrazville', '20306', 6, '2018-11-17 01:01:24', '1974-03-18 17:32:46');
INSERT INTO `profiles` (`id_user`, `birthdate`, `sex`, `city`, `country`, `photo_id`, `created_at`, `updated_at`) VALUES (7, '2005-09-28', 'q', 'Guillermoville', '27', 7, '1997-10-20 23:55:00', '2019-12-17 07:02:06');
INSERT INTO `profiles` (`id_user`, `birthdate`, `sex`, `city`, `country`, `photo_id`, `created_at`, `updated_at`) VALUES (8, '2007-05-14', 'l', 'Samirview', '631', 8, '1976-03-15 14:53:52', '1972-07-21 06:09:37');
INSERT INTO `profiles` (`id_user`, `birthdate`, `sex`, `city`, `country`, `photo_id`, `created_at`, `updated_at`) VALUES (9, '1998-10-15', 'q', 'Lacytown', '25308392', 9, '2013-10-30 08:34:32', '1986-02-13 23:00:32');
INSERT INTO `profiles` (`id_user`, `birthdate`, `sex`, `city`, `country`, `photo_id`, `created_at`, `updated_at`) VALUES (10, '1980-07-11', 'q', 'Eichmannborough', '8941', 10, '1986-04-08 05:01:22', '2002-03-08 20:10:19');
INSERT INTO `profiles` (`id_user`, `birthdate`, `sex`, `city`, `country`, `photo_id`, `created_at`, `updated_at`) VALUES (11, '1995-02-01', 'l', 'West Michaelaburgh', '4504545', 11, '2016-10-12 13:42:24', '2001-01-06 21:44:22');
INSERT INTO `profiles` (`id_user`, `birthdate`, `sex`, `city`, `country`, `photo_id`, `created_at`, `updated_at`) VALUES (12, '1995-03-11', 's', 'Hintzchester', '908', 12, '1986-12-18 21:42:53', '2008-09-13 12:28:58');
INSERT INTO `profiles` (`id_user`, `birthdate`, `sex`, `city`, `country`, `photo_id`, `created_at`, `updated_at`) VALUES (13, '2001-06-09', 'v', 'Justinestad', '18422', 13, '2006-11-25 16:01:20', '2009-12-10 20:29:48');
INSERT INTO `profiles` (`id_user`, `birthdate`, `sex`, `city`, `country`, `photo_id`, `created_at`, `updated_at`) VALUES (14, '1985-04-11', 'r', 'Orlandbury', '1', 14, '1975-06-02 07:02:06', '1996-11-01 04:19:48');
INSERT INTO `profiles` (`id_user`, `birthdate`, `sex`, `city`, `country`, `photo_id`, `created_at`, `updated_at`) VALUES (15, '2007-07-23', 'u', 'Garrisonhaven', '2713', 15, '1978-12-06 16:35:46', '1992-05-01 17:56:58');
INSERT INTO `profiles` (`id_user`, `birthdate`, `sex`, `city`, `country`, `photo_id`, `created_at`, `updated_at`) VALUES (16, '2012-10-08', 'f', 'Lake Bradly', '14', 16, '2011-07-24 19:40:12', '2003-09-19 01:46:51');
INSERT INTO `profiles` (`id_user`, `birthdate`, `sex`, `city`, `country`, `photo_id`, `created_at`, `updated_at`) VALUES (17, '1992-09-13', 'c', 'East Jordon', '1', 17, '1986-09-03 15:21:58', '1998-09-27 01:55:16');
INSERT INTO `profiles` (`id_user`, `birthdate`, `sex`, `city`, `country`, `photo_id`, `created_at`, `updated_at`) VALUES (18, '1986-11-13', 'c', 'Sophieburgh', '99', 18, '2014-11-20 01:55:38', '1995-09-21 11:11:54');
INSERT INTO `profiles` (`id_user`, `birthdate`, `sex`, `city`, `country`, `photo_id`, `created_at`, `updated_at`) VALUES (19, '1976-05-18', 'x', 'New Ashlyton', '728', 19, '1971-10-18 16:17:39', '1970-11-21 19:51:30');
INSERT INTO `profiles` (`id_user`, `birthdate`, `sex`, `city`, `country`, `photo_id`, `created_at`, `updated_at`) VALUES (20, '2017-03-02', 's', 'Port Citlallihaven', '2', 20, '1978-04-17 12:52:23', '1974-07-04 12:36:05');
INSERT INTO `profiles` (`id_user`, `birthdate`, `sex`, `city`, `country`, `photo_id`, `created_at`, `updated_at`) VALUES (21, '2007-04-01', 'e', 'Lindgrentown', '6', 21, '1978-07-01 11:39:02', '1998-08-08 20:25:25');
INSERT INTO `profiles` (`id_user`, `birthdate`, `sex`, `city`, `country`, `photo_id`, `created_at`, `updated_at`) VALUES (22, '1996-03-27', 't', 'North Brennan', '5367597', 22, '1995-02-12 23:37:38', '1991-06-18 17:18:43');
INSERT INTO `profiles` (`id_user`, `birthdate`, `sex`, `city`, `country`, `photo_id`, `created_at`, `updated_at`) VALUES (23, '1994-06-26', 'v', 'Lake Savannamouth', '711107449', 23, '2015-09-01 22:51:06', '2017-12-11 22:25:45');
INSERT INTO `profiles` (`id_user`, `birthdate`, `sex`, `city`, `country`, `photo_id`, `created_at`, `updated_at`) VALUES (24, '2014-08-12', 'x', 'Langworthville', '7607', 24, '2013-03-06 12:11:34', '2002-03-29 04:24:23');
INSERT INTO `profiles` (`id_user`, `birthdate`, `sex`, `city`, `country`, `photo_id`, `created_at`, `updated_at`) VALUES (25, '2004-05-10', 't', 'Berneiceberg', '61462', 25, '1970-10-06 18:23:15', '2011-11-29 08:47:33');
INSERT INTO `profiles` (`id_user`, `birthdate`, `sex`, `city`, `country`, `photo_id`, `created_at`, `updated_at`) VALUES (26, '2005-12-24', 'v', 'Cummeratabury', '68', 26, '1980-07-03 21:11:55', '2016-05-13 20:29:12');
INSERT INTO `profiles` (`id_user`, `birthdate`, `sex`, `city`, `country`, `photo_id`, `created_at`, `updated_at`) VALUES (27, '2013-05-23', 'z', 'Port Adriel', '', 27, '2018-06-18 05:29:00', '1970-12-25 00:19:18');
INSERT INTO `profiles` (`id_user`, `birthdate`, `sex`, `city`, `country`, `photo_id`, `created_at`, `updated_at`) VALUES (28, '1991-02-14', 'm', 'North Kirstenchester', '498', 28, '2007-07-20 21:21:32', '1993-09-08 07:25:37');
INSERT INTO `profiles` (`id_user`, `birthdate`, `sex`, `city`, `country`, `photo_id`, `created_at`, `updated_at`) VALUES (29, '1976-10-18', 'v', 'West Lorenberg', '933386', 29, '2015-05-02 22:26:37', '1996-05-09 07:21:38');
INSERT INTO `profiles` (`id_user`, `birthdate`, `sex`, `city`, `country`, `photo_id`, `created_at`, `updated_at`) VALUES (30, '2008-09-13', 'n', 'Deannabury', '2446759', 30, '1976-01-03 05:35:47', '1994-09-02 12:36:16');
INSERT INTO `profiles` (`id_user`, `birthdate`, `sex`, `city`, `country`, `photo_id`, `created_at`, `updated_at`) VALUES (31, '1985-06-06', 'm', 'West Winnifredport', '223', 31, '1982-09-19 08:58:53', '2011-04-17 18:03:21');
INSERT INTO `profiles` (`id_user`, `birthdate`, `sex`, `city`, `country`, `photo_id`, `created_at`, `updated_at`) VALUES (32, '2003-07-23', 'y', 'New Annaliseport', '8', 32, '1996-11-27 11:15:02', '1987-10-01 07:01:01');
INSERT INTO `profiles` (`id_user`, `birthdate`, `sex`, `city`, `country`, `photo_id`, `created_at`, `updated_at`) VALUES (33, '1999-05-26', 'o', 'Robbton', '5', 33, '1984-03-26 09:48:49', '1973-10-01 10:55:43');
INSERT INTO `profiles` (`id_user`, `birthdate`, `sex`, `city`, `country`, `photo_id`, `created_at`, `updated_at`) VALUES (34, '2018-03-18', 'p', 'East Kaleside', '71035173', 34, '1994-05-30 19:42:21', '1975-07-30 10:02:15');
INSERT INTO `profiles` (`id_user`, `birthdate`, `sex`, `city`, `country`, `photo_id`, `created_at`, `updated_at`) VALUES (35, '1970-01-22', 'w', 'South Terrance', '2', 35, '1982-04-21 00:19:38', '1987-09-25 12:06:48');
INSERT INTO `profiles` (`id_user`, `birthdate`, `sex`, `city`, `country`, `photo_id`, `created_at`, `updated_at`) VALUES (36, '2012-03-28', 'w', 'North Garettside', '10', 36, '2009-09-13 05:56:18', '1976-07-25 01:36:46');
INSERT INTO `profiles` (`id_user`, `birthdate`, `sex`, `city`, `country`, `photo_id`, `created_at`, `updated_at`) VALUES (37, '1972-06-23', 'c', 'South Rodrickton', '3926', 37, '2016-05-21 17:12:34', '1978-02-16 10:13:12');
INSERT INTO `profiles` (`id_user`, `birthdate`, `sex`, `city`, `country`, `photo_id`, `created_at`, `updated_at`) VALUES (38, '2015-05-16', 'y', 'New Idellaside', '3550515', 38, '2020-01-05 15:01:23', '2017-03-03 16:25:20');
INSERT INTO `profiles` (`id_user`, `birthdate`, `sex`, `city`, `country`, `photo_id`, `created_at`, `updated_at`) VALUES (39, '2013-09-12', 'e', 'Hudsonland', '5909', 39, '1994-02-12 02:55:27', '1993-12-31 00:00:57');
INSERT INTO `profiles` (`id_user`, `birthdate`, `sex`, `city`, `country`, `photo_id`, `created_at`, `updated_at`) VALUES (40, '1998-11-17', 'l', 'Shannonchester', '524', 40, '2018-03-27 11:12:44', '1984-10-27 21:42:26');
INSERT INTO `profiles` (`id_user`, `birthdate`, `sex`, `city`, `country`, `photo_id`, `created_at`, `updated_at`) VALUES (41, '1987-02-22', 'q', 'Lake Mohammad', '404', 41, '1997-11-17 19:08:52', '1975-04-04 09:47:32');
INSERT INTO `profiles` (`id_user`, `birthdate`, `sex`, `city`, `country`, `photo_id`, `created_at`, `updated_at`) VALUES (42, '1974-06-08', 'e', 'Rempelville', '6890', 42, '1996-05-25 18:10:51', '1982-03-05 04:07:01');
INSERT INTO `profiles` (`id_user`, `birthdate`, `sex`, `city`, `country`, `photo_id`, `created_at`, `updated_at`) VALUES (43, '1972-08-24', 'm', 'Zoefurt', '6216', 43, '1977-11-15 13:51:16', '2002-02-19 17:03:11');
INSERT INTO `profiles` (`id_user`, `birthdate`, `sex`, `city`, `country`, `photo_id`, `created_at`, `updated_at`) VALUES (44, '1986-06-27', 'f', 'South Nona', '9', 44, '2011-01-12 16:41:10', '1993-11-28 19:29:30');
INSERT INTO `profiles` (`id_user`, `birthdate`, `sex`, `city`, `country`, `photo_id`, `created_at`, `updated_at`) VALUES (45, '2008-02-09', 'w', 'Tomasafort', '', 45, '1975-06-06 05:04:36', '1986-04-11 07:09:21');
INSERT INTO `profiles` (`id_user`, `birthdate`, `sex`, `city`, `country`, `photo_id`, `created_at`, `updated_at`) VALUES (46, '2018-12-21', 'a', 'Lake Maurineview', '', 46, '2017-05-18 07:00:15', '1988-03-28 16:28:26');
INSERT INTO `profiles` (`id_user`, `birthdate`, `sex`, `city`, `country`, `photo_id`, `created_at`, `updated_at`) VALUES (47, '1979-08-23', 'n', 'North Kadeside', '369', 47, '1982-10-02 07:48:20', '1986-12-15 11:08:25');
INSERT INTO `profiles` (`id_user`, `birthdate`, `sex`, `city`, `country`, `photo_id`, `created_at`, `updated_at`) VALUES (48, '1989-09-15', 'k', 'Thompsonburgh', '3106582', 48, '1981-09-01 04:13:00', '1974-04-14 16:56:38');
INSERT INTO `profiles` (`id_user`, `birthdate`, `sex`, `city`, `country`, `photo_id`, `created_at`, `updated_at`) VALUES (49, '1977-11-16', 'j', 'Magnoliaberg', '2998', 49, '1994-07-13 13:14:00', '1990-07-10 01:11:32');
INSERT INTO `profiles` (`id_user`, `birthdate`, `sex`, `city`, `country`, `photo_id`, `created_at`, `updated_at`) VALUES (50, '2013-12-10', 's', 'Daynebury', '91057', 50, '1987-01-03 08:46:33', '2018-11-05 15:32:51');
INSERT INTO `profiles` (`id_user`, `birthdate`, `sex`, `city`, `country`, `photo_id`, `created_at`, `updated_at`) VALUES (51, '1993-11-04', 'm', 'South Guillermoton', '496986309', 51, '1992-01-04 23:25:38', '1997-02-09 08:05:27');
INSERT INTO `profiles` (`id_user`, `birthdate`, `sex`, `city`, `country`, `photo_id`, `created_at`, `updated_at`) VALUES (52, '1989-10-27', 'h', 'New Garretborough', '3794', 52, '2015-09-21 01:58:49', '2019-07-31 10:53:37');
INSERT INTO `profiles` (`id_user`, `birthdate`, `sex`, `city`, `country`, `photo_id`, `created_at`, `updated_at`) VALUES (53, '1978-09-07', 'r', 'West Letha', '5', 53, '1972-05-05 06:49:25', '2019-11-04 00:54:20');
INSERT INTO `profiles` (`id_user`, `birthdate`, `sex`, `city`, `country`, `photo_id`, `created_at`, `updated_at`) VALUES (54, '1998-05-20', 'u', 'Zboncakshire', '15942', 54, '1999-05-18 13:44:24', '2012-05-19 02:02:30');
INSERT INTO `profiles` (`id_user`, `birthdate`, `sex`, `city`, `country`, `photo_id`, `created_at`, `updated_at`) VALUES (55, '2019-01-12', 'j', 'East Douglas', '544586', 55, '2008-05-31 02:18:26', '1999-05-12 04:42:04');
INSERT INTO `profiles` (`id_user`, `birthdate`, `sex`, `city`, `country`, `photo_id`, `created_at`, `updated_at`) VALUES (56, '2011-08-24', 'k', 'East Sophia', '60796', 56, '2018-07-27 14:01:57', '2010-07-11 22:10:29');
INSERT INTO `profiles` (`id_user`, `birthdate`, `sex`, `city`, `country`, `photo_id`, `created_at`, `updated_at`) VALUES (57, '2013-08-04', 'w', 'Dwightberg', '6', 57, '1993-03-29 19:48:18', '1995-02-28 06:10:09');
INSERT INTO `profiles` (`id_user`, `birthdate`, `sex`, `city`, `country`, `photo_id`, `created_at`, `updated_at`) VALUES (58, '1981-04-02', 'v', 'East Feltonbury', '', 58, '2014-03-09 22:47:18', '1986-02-15 12:04:53');
INSERT INTO `profiles` (`id_user`, `birthdate`, `sex`, `city`, `country`, `photo_id`, `created_at`, `updated_at`) VALUES (59, '1981-08-25', 's', 'New Daphne', '799833574', 59, '1991-04-27 11:55:54', '1998-10-16 00:44:38');
INSERT INTO `profiles` (`id_user`, `birthdate`, `sex`, `city`, `country`, `photo_id`, `created_at`, `updated_at`) VALUES (60, '1981-05-14', 'p', 'East Esta', '7232', 60, '2003-06-10 17:27:04', '1999-02-23 15:54:13');
INSERT INTO `profiles` (`id_user`, `birthdate`, `sex`, `city`, `country`, `photo_id`, `created_at`, `updated_at`) VALUES (61, '2020-01-10', 's', 'Russelchester', '81', 61, '1982-07-17 15:30:47', '2005-12-17 10:25:05');
INSERT INTO `profiles` (`id_user`, `birthdate`, `sex`, `city`, `country`, `photo_id`, `created_at`, `updated_at`) VALUES (62, '2007-11-27', 'u', 'East Alivia', '5181', 62, '2002-11-17 04:28:26', '1991-11-03 21:20:19');
INSERT INTO `profiles` (`id_user`, `birthdate`, `sex`, `city`, `country`, `photo_id`, `created_at`, `updated_at`) VALUES (63, '1977-06-26', 'j', 'O\'Reillystad', '691595675', 63, '1979-08-23 17:04:14', '2003-05-21 10:14:57');
INSERT INTO `profiles` (`id_user`, `birthdate`, `sex`, `city`, `country`, `photo_id`, `created_at`, `updated_at`) VALUES (64, '1999-04-21', 'g', 'Port Carol', '7', 64, '1984-02-22 23:31:41', '2001-03-15 06:10:35');
INSERT INTO `profiles` (`id_user`, `birthdate`, `sex`, `city`, `country`, `photo_id`, `created_at`, `updated_at`) VALUES (65, '1995-07-03', 's', 'North Alberto', '', 65, '2018-03-05 19:53:14', '2007-09-30 08:53:43');
INSERT INTO `profiles` (`id_user`, `birthdate`, `sex`, `city`, `country`, `photo_id`, `created_at`, `updated_at`) VALUES (66, '1990-06-15', 'k', 'South Alene', '6014', 66, '2016-11-09 07:54:33', '2009-07-27 02:02:37');
INSERT INTO `profiles` (`id_user`, `birthdate`, `sex`, `city`, `country`, `photo_id`, `created_at`, `updated_at`) VALUES (67, '2008-02-17', 'n', 'Osvaldomouth', '236114', 67, '1986-03-22 04:00:22', '1989-11-29 20:18:20');
INSERT INTO `profiles` (`id_user`, `birthdate`, `sex`, `city`, `country`, `photo_id`, `created_at`, `updated_at`) VALUES (68, '1979-11-14', 'g', 'Kubton', '7831', 68, '2002-06-24 13:21:06', '1973-04-27 04:35:04');
INSERT INTO `profiles` (`id_user`, `birthdate`, `sex`, `city`, `country`, `photo_id`, `created_at`, `updated_at`) VALUES (69, '2007-03-01', 'b', 'South Lorainemouth', '', 69, '1992-09-20 08:36:47', '1983-12-14 16:57:00');
INSERT INTO `profiles` (`id_user`, `birthdate`, `sex`, `city`, `country`, `photo_id`, `created_at`, `updated_at`) VALUES (70, '1986-10-21', 'm', 'Port Busterfort', '709550', 70, '1996-02-09 20:15:57', '1999-06-27 05:37:50');
INSERT INTO `profiles` (`id_user`, `birthdate`, `sex`, `city`, `country`, `photo_id`, `created_at`, `updated_at`) VALUES (71, '1997-09-21', 'z', 'Orlandoville', '793', 71, '1970-03-24 07:45:18', '2001-10-09 16:47:19');
INSERT INTO `profiles` (`id_user`, `birthdate`, `sex`, `city`, `country`, `photo_id`, `created_at`, `updated_at`) VALUES (72, '1985-05-18', 'd', 'Champlinbury', '163456', 72, '1992-12-04 01:32:02', '1989-04-20 04:31:34');
INSERT INTO `profiles` (`id_user`, `birthdate`, `sex`, `city`, `country`, `photo_id`, `created_at`, `updated_at`) VALUES (73, '1975-03-14', 'n', 'Weldonmouth', '6813', 73, '1984-02-04 21:57:07', '2018-06-22 02:09:06');
INSERT INTO `profiles` (`id_user`, `birthdate`, `sex`, `city`, `country`, `photo_id`, `created_at`, `updated_at`) VALUES (74, '1994-03-31', 'x', 'South Leda', '99', 74, '1979-08-19 22:32:55', '2008-10-27 23:13:47');
INSERT INTO `profiles` (`id_user`, `birthdate`, `sex`, `city`, `country`, `photo_id`, `created_at`, `updated_at`) VALUES (75, '2002-10-24', 'c', 'Asiaview', '50045', 75, '1986-05-12 11:10:12', '2013-09-18 08:16:26');
INSERT INTO `profiles` (`id_user`, `birthdate`, `sex`, `city`, `country`, `photo_id`, `created_at`, `updated_at`) VALUES (76, '2019-11-25', 'i', 'Cotyshire', '89406864', 76, '1989-09-04 15:56:03', '2006-06-01 00:09:31');
INSERT INTO `profiles` (`id_user`, `birthdate`, `sex`, `city`, `country`, `photo_id`, `created_at`, `updated_at`) VALUES (77, '2008-12-25', 'h', 'Lake Lowell', '8', 77, '2016-09-17 20:33:54', '2003-05-27 12:16:28');
INSERT INTO `profiles` (`id_user`, `birthdate`, `sex`, `city`, `country`, `photo_id`, `created_at`, `updated_at`) VALUES (78, '1993-07-11', 'y', 'East Leanne', '8', 78, '1996-12-19 06:12:35', '2010-05-07 21:36:54');
INSERT INTO `profiles` (`id_user`, `birthdate`, `sex`, `city`, `country`, `photo_id`, `created_at`, `updated_at`) VALUES (79, '2002-01-10', 'y', 'New Michele', '789', 79, '2008-04-03 06:32:23', '2010-04-04 01:52:23');
INSERT INTO `profiles` (`id_user`, `birthdate`, `sex`, `city`, `country`, `photo_id`, `created_at`, `updated_at`) VALUES (80, '1991-05-18', 'w', 'East Rebekahfurt', '', 80, '2018-01-02 15:42:23', '1995-11-27 15:00:50');
INSERT INTO `profiles` (`id_user`, `birthdate`, `sex`, `city`, `country`, `photo_id`, `created_at`, `updated_at`) VALUES (81, '1999-10-02', 's', 'East Alycetown', '454', 81, '2017-06-21 05:27:43', '1998-08-07 05:48:20');
INSERT INTO `profiles` (`id_user`, `birthdate`, `sex`, `city`, `country`, `photo_id`, `created_at`, `updated_at`) VALUES (82, '2007-07-01', 'p', 'Gunnershire', '845653', 82, '1975-01-13 11:14:24', '1993-02-10 09:19:21');
INSERT INTO `profiles` (`id_user`, `birthdate`, `sex`, `city`, `country`, `photo_id`, `created_at`, `updated_at`) VALUES (83, '1986-07-27', 'j', 'Bettyshire', '9', 83, '1988-11-05 13:30:35', '1992-08-07 02:07:28');
INSERT INTO `profiles` (`id_user`, `birthdate`, `sex`, `city`, `country`, `photo_id`, `created_at`, `updated_at`) VALUES (84, '1988-03-04', 'a', 'East Ludwig', '4461852', 84, '1995-11-01 11:36:02', '1979-10-05 13:15:17');
INSERT INTO `profiles` (`id_user`, `birthdate`, `sex`, `city`, `country`, `photo_id`, `created_at`, `updated_at`) VALUES (85, '1985-05-24', 's', 'Gerholdville', '67', 85, '1978-01-10 11:05:48', '1975-04-21 02:18:49');
INSERT INTO `profiles` (`id_user`, `birthdate`, `sex`, `city`, `country`, `photo_id`, `created_at`, `updated_at`) VALUES (86, '1996-12-16', 'c', 'South Alfonsoshire', '2', 86, '1988-01-11 03:05:29', '1976-06-05 19:10:00');
INSERT INTO `profiles` (`id_user`, `birthdate`, `sex`, `city`, `country`, `photo_id`, `created_at`, `updated_at`) VALUES (87, '1996-12-03', 'g', 'Elenaton', '4239', 87, '2010-10-04 14:35:50', '1989-03-29 20:08:39');
INSERT INTO `profiles` (`id_user`, `birthdate`, `sex`, `city`, `country`, `photo_id`, `created_at`, `updated_at`) VALUES (88, '1988-04-20', 's', 'Huelshaven', '', 88, '1980-08-03 06:35:55', '1984-05-22 17:04:26');
INSERT INTO `profiles` (`id_user`, `birthdate`, `sex`, `city`, `country`, `photo_id`, `created_at`, `updated_at`) VALUES (89, '2018-12-28', 'c', 'New Baronfort', '485297982', 89, '2018-03-27 03:57:56', '2018-01-06 05:18:41');
INSERT INTO `profiles` (`id_user`, `birthdate`, `sex`, `city`, `country`, `photo_id`, `created_at`, `updated_at`) VALUES (90, '1976-09-12', 'x', 'East Alison', '759819', 90, '1990-09-29 18:05:32', '1990-09-13 04:57:16');
INSERT INTO `profiles` (`id_user`, `birthdate`, `sex`, `city`, `country`, `photo_id`, `created_at`, `updated_at`) VALUES (91, '2013-02-12', 'l', 'East Waldo', '6783610', 91, '2003-02-22 20:06:37', '2018-01-19 18:00:46');
INSERT INTO `profiles` (`id_user`, `birthdate`, `sex`, `city`, `country`, `photo_id`, `created_at`, `updated_at`) VALUES (92, '1991-09-15', 'y', 'Lake Flossie', '711647', 92, '1986-09-06 15:30:04', '2006-07-27 08:23:01');
INSERT INTO `profiles` (`id_user`, `birthdate`, `sex`, `city`, `country`, `photo_id`, `created_at`, `updated_at`) VALUES (93, '1994-12-13', 'h', 'Hodkiewiczstad', '57', 93, '1974-11-22 10:21:34', '2010-07-12 01:02:36');
INSERT INTO `profiles` (`id_user`, `birthdate`, `sex`, `city`, `country`, `photo_id`, `created_at`, `updated_at`) VALUES (94, '1984-12-03', 'd', 'South Yoshikoside', '167', 94, '2007-08-31 06:16:09', '1973-03-27 13:18:11');
INSERT INTO `profiles` (`id_user`, `birthdate`, `sex`, `city`, `country`, `photo_id`, `created_at`, `updated_at`) VALUES (95, '2018-07-09', 'j', 'Stromanmouth', '41', 95, '2003-08-30 05:30:47', '1970-07-25 10:07:06');
INSERT INTO `profiles` (`id_user`, `birthdate`, `sex`, `city`, `country`, `photo_id`, `created_at`, `updated_at`) VALUES (96, '1973-07-24', 'h', 'Hyattton', '7', 96, '2002-03-20 11:44:38', '1992-10-13 04:22:59');
INSERT INTO `profiles` (`id_user`, `birthdate`, `sex`, `city`, `country`, `photo_id`, `created_at`, `updated_at`) VALUES (97, '2011-07-04', 'f', 'Baileyshire', '8709253', 97, '2008-02-23 10:46:05', '2011-10-26 13:21:32');
INSERT INTO `profiles` (`id_user`, `birthdate`, `sex`, `city`, `country`, `photo_id`, `created_at`, `updated_at`) VALUES (98, '2012-10-02', 'y', 'Littelstad', '68', 98, '1971-04-02 17:04:22', '1998-06-27 11:45:24');
INSERT INTO `profiles` (`id_user`, `birthdate`, `sex`, `city`, `country`, `photo_id`, `created_at`, `updated_at`) VALUES (99, '1976-06-26', 'f', 'Windlerburgh', '110981', 99, '1980-07-28 14:09:59', '1972-05-26 00:39:11');
INSERT INTO `profiles` (`id_user`, `birthdate`, `sex`, `city`, `country`, `photo_id`, `created_at`, `updated_at`) VALUES (100, '2004-02-24', 'u', 'New Zorashire', '9865', 100, '1986-11-17 15:32:20', '2017-09-28 08:42:25');


#
# TABLE STRUCTURE FOR: users
#

DROP TABLE IF EXISTS `users`;

CREATE TABLE `users` (
  `id` int(10) unsigned NOT NULL AUTO_INCREMENT,
  `first_name` varchar(100) COLLATE utf8_unicode_ci NOT NULL,
  `last_name` varchar(100) COLLATE utf8_unicode_ci NOT NULL,
  `email` varchar(120) COLLATE utf8_unicode_ci NOT NULL,
  `phone` varchar(15) COLLATE utf8_unicode_ci NOT NULL,
  `password` varchar(15) COLLATE utf8_unicode_ci DEFAULT NULL,
  `created_at` datetime DEFAULT current_timestamp(),
  `updated_at` datetime DEFAULT current_timestamp() ON UPDATE current_timestamp(),
  PRIMARY KEY (`id`),
  UNIQUE KEY `email` (`email`),
  UNIQUE KEY `phone` (`phone`)
) ENGINE=InnoDB AUTO_INCREMENT=101 DEFAULT CHARSET=utf8 COLLATE=utf8_unicode_ci;

INSERT INTO `users` (`id`, `first_name`, `last_name`, `email`, `phone`, `password`, `created_at`, `updated_at`) VALUES (1, 'Adelle', 'Feeney', 'hermann.wayne@example.com', '713-392-4595x42', '45a34419debe1a3', '1983-03-06 03:30:22', '1993-08-19 19:27:14');
INSERT INTO `users` (`id`, `first_name`, `last_name`, `email`, `phone`, `password`, `created_at`, `updated_at`) VALUES (2, 'Colby', 'Hudson', 'akshlerin@example.org', '1-532-868-7953x', 'f0d79935e5103d5', '1989-11-11 10:56:52', '1976-08-07 09:21:14');
INSERT INTO `users` (`id`, `first_name`, `last_name`, `email`, `phone`, `password`, `created_at`, `updated_at`) VALUES (3, 'Keaton', 'O\'Kon', 'gweimann@example.net', '1-850-756-3939', '94db813d4303a28', '1974-02-22 10:21:23', '1979-01-09 06:13:19');
INSERT INTO `users` (`id`, `first_name`, `last_name`, `email`, `phone`, `password`, `created_at`, `updated_at`) VALUES (4, 'Tamia', 'Bosco', 'jessica.kirlin@example.org', '08862260520', 'dd198d26b60e063', '1988-02-11 03:12:53', '1977-02-19 12:09:37');
INSERT INTO `users` (`id`, `first_name`, `last_name`, `email`, `phone`, `password`, `created_at`, `updated_at`) VALUES (5, 'Dallas', 'McGlynn', 'nbreitenberg@example.com', '039.175.9844x63', 'b99705c6ab6b2cc', '1993-07-01 16:10:59', '1996-03-13 15:05:57');
INSERT INTO `users` (`id`, `first_name`, `last_name`, `email`, `phone`, `password`, `created_at`, `updated_at`) VALUES (6, 'Damian', 'McCullough', 'wyman73@example.com', '1-108-135-9031x', '3c3a70e75de4aa8', '1996-09-05 10:52:39', '1997-02-03 18:46:51');
INSERT INTO `users` (`id`, `first_name`, `last_name`, `email`, `phone`, `password`, `created_at`, `updated_at`) VALUES (7, 'Cathrine', 'Johnston', 'mac32@example.net', '(338)170-9827x5', '7cb3c8a998d0f31', '1975-09-20 21:52:35', '2010-01-10 10:28:10');
INSERT INTO `users` (`id`, `first_name`, `last_name`, `email`, `phone`, `password`, `created_at`, `updated_at`) VALUES (8, 'Baby', 'Bauch', 'gtromp@example.net', '563-208-7949', 'a2e879229d1ac76', '1980-01-04 02:41:50', '1983-01-08 07:23:39');
INSERT INTO `users` (`id`, `first_name`, `last_name`, `email`, `phone`, `password`, `created_at`, `updated_at`) VALUES (9, 'Cedrick', 'Veum', 'boyer.lester@example.net', '860.870.3517x82', 'd710fc3461f98ac', '2005-01-14 18:10:12', '1984-12-06 19:40:00');
INSERT INTO `users` (`id`, `first_name`, `last_name`, `email`, `phone`, `password`, `created_at`, `updated_at`) VALUES (10, 'Reanna', 'Auer', 'jon.bergnaum@example.org', '09945865519', 'b6818b1bf97a06f', '1973-02-08 22:10:30', '2019-06-21 02:28:57');
INSERT INTO `users` (`id`, `first_name`, `last_name`, `email`, `phone`, `password`, `created_at`, `updated_at`) VALUES (11, 'Emelia', 'Wiza', 'skylar93@example.net', '924.604.5942x69', '7e9d1f9224bb142', '1988-01-01 02:55:22', '2001-05-05 06:20:52');
INSERT INTO `users` (`id`, `first_name`, `last_name`, `email`, `phone`, `password`, `created_at`, `updated_at`) VALUES (12, 'Evans', 'Baumbach', 'herman.adella@example.com', '288-009-5068', '5a38d0feaf3205c', '2016-11-28 15:35:37', '1973-03-01 11:45:43');
INSERT INTO `users` (`id`, `first_name`, `last_name`, `email`, `phone`, `password`, `created_at`, `updated_at`) VALUES (13, 'Cathryn', 'Gulgowski', 'gislason.aisha@example.org', '856-160-4446x08', '801ce96ca454f3e', '1988-12-12 11:35:26', '1995-10-19 19:26:30');
INSERT INTO `users` (`id`, `first_name`, `last_name`, `email`, `phone`, `password`, `created_at`, `updated_at`) VALUES (14, 'Isadore', 'Morissette', 'gottlieb.rosendo@example.net', '1-443-283-9433x', '02fd37d51daee35', '2004-07-05 14:14:30', '1998-07-27 07:57:25');
INSERT INTO `users` (`id`, `first_name`, `last_name`, `email`, `phone`, `password`, `created_at`, `updated_at`) VALUES (15, 'Estell', 'Tromp', 'ebert.freeda@example.net', '698.950.9092x40', '6dff2b8ae755927', '2016-09-19 17:17:03', '1988-07-19 09:04:34');
INSERT INTO `users` (`id`, `first_name`, `last_name`, `email`, `phone`, `password`, `created_at`, `updated_at`) VALUES (16, 'Magdalen', 'Olson', 'erna.littel@example.net', '1-785-990-1494', 'afbdd018f24bbe7', '1999-01-22 07:35:57', '2003-12-02 20:16:09');
INSERT INTO `users` (`id`, `first_name`, `last_name`, `email`, `phone`, `password`, `created_at`, `updated_at`) VALUES (17, 'Darion', 'Lehner', 'gay.daniel@example.net', '1-020-596-1392x', 'e4a9a423da69973', '1971-07-21 11:30:47', '2000-05-02 04:39:13');
INSERT INTO `users` (`id`, `first_name`, `last_name`, `email`, `phone`, `password`, `created_at`, `updated_at`) VALUES (18, 'Neal', 'Upton', 'garnett32@example.com', '1-508-430-6700x', '39b3aa932538e38', '1988-03-28 09:19:09', '2018-11-27 04:40:12');
INSERT INTO `users` (`id`, `first_name`, `last_name`, `email`, `phone`, `password`, `created_at`, `updated_at`) VALUES (19, 'Luciano', 'Parisian', 'dell23@example.com', '034-740-4524x74', '4fdf79f4cb37b53', '1996-04-14 13:13:34', '1982-11-07 03:09:50');
INSERT INTO `users` (`id`, `first_name`, `last_name`, `email`, `phone`, `password`, `created_at`, `updated_at`) VALUES (20, 'Elinor', 'Hansen', 'jay85@example.com', '178.251.9391x59', '817466c259a915e', '2007-11-08 22:43:27', '1977-10-31 13:11:37');
INSERT INTO `users` (`id`, `first_name`, `last_name`, `email`, `phone`, `password`, `created_at`, `updated_at`) VALUES (21, 'Benjamin', 'Krajcik', 'raoul.goldner@example.org', '(213)132-9897', '1f2bdc241d99711', '1970-03-06 17:24:32', '2012-12-07 08:55:08');
INSERT INTO `users` (`id`, `first_name`, `last_name`, `email`, `phone`, `password`, `created_at`, `updated_at`) VALUES (22, 'Raoul', 'Brakus', 'uschuster@example.net', '331-090-4744x74', 'f1879ee33929f2d', '1978-04-14 10:38:47', '1995-06-26 09:22:19');
INSERT INTO `users` (`id`, `first_name`, `last_name`, `email`, `phone`, `password`, `created_at`, `updated_at`) VALUES (23, 'Creola', 'McClure', 'fhettinger@example.org', '1-850-565-8223x', '3ab879f4df97d62', '2015-09-30 03:34:32', '2019-12-02 08:22:36');
INSERT INTO `users` (`id`, `first_name`, `last_name`, `email`, `phone`, `password`, `created_at`, `updated_at`) VALUES (24, 'Rod', 'Bartoletti', 'nmoore@example.net', '961-529-0510x03', '2805ab9362d04f6', '2004-10-17 03:09:25', '1987-06-24 06:45:07');
INSERT INTO `users` (`id`, `first_name`, `last_name`, `email`, `phone`, `password`, `created_at`, `updated_at`) VALUES (25, 'Myles', 'Graham', 'pkling@example.org', '1-945-133-1314', 'd8a0723d614b5c4', '1978-10-16 20:21:11', '2015-06-30 17:10:47');
INSERT INTO `users` (`id`, `first_name`, `last_name`, `email`, `phone`, `password`, `created_at`, `updated_at`) VALUES (26, 'Santino', 'Satterfield', 'rosenbaum.maye@example.org', '1-229-449-8621', 'd2057c46e72b533', '2004-04-01 05:07:23', '1995-10-27 21:36:56');
INSERT INTO `users` (`id`, `first_name`, `last_name`, `email`, `phone`, `password`, `created_at`, `updated_at`) VALUES (27, 'Diamond', 'Rolfson', 'vivian.cummerata@example.net', '329.353.4990', '6d720b8141a397a', '2003-02-08 04:38:25', '2016-10-02 08:17:06');
INSERT INTO `users` (`id`, `first_name`, `last_name`, `email`, `phone`, `password`, `created_at`, `updated_at`) VALUES (28, 'Esta', 'Harris', 'erdman.jailyn@example.org', '577-510-6179', 'f0cd53b2ead7dbd', '2013-08-03 12:23:06', '1993-12-18 02:27:37');
INSERT INTO `users` (`id`, `first_name`, `last_name`, `email`, `phone`, `password`, `created_at`, `updated_at`) VALUES (29, 'Alexandrine', 'Kreiger', 'emie.kemmer@example.org', '(345)913-3586x9', '239a750d20fa233', '2006-08-15 22:45:28', '1999-07-09 14:50:22');
INSERT INTO `users` (`id`, `first_name`, `last_name`, `email`, `phone`, `password`, `created_at`, `updated_at`) VALUES (30, 'Grace', 'Conroy', 'russell51@example.com', '935.136.2020', 'beee1568819f4c7', '2000-04-24 21:13:02', '2010-10-20 18:14:55');
INSERT INTO `users` (`id`, `first_name`, `last_name`, `email`, `phone`, `password`, `created_at`, `updated_at`) VALUES (31, 'Maurice', 'O\'Connell', 'dexter97@example.com', '+67(7)237630767', '8028757b8ca418f', '1999-10-02 01:49:13', '1970-05-17 10:53:38');
INSERT INTO `users` (`id`, `first_name`, `last_name`, `email`, `phone`, `password`, `created_at`, `updated_at`) VALUES (32, 'Roel', 'Greenfelder', 'grady.edison@example.com', '1-388-555-0912', 'b70b01a4f3e23c8', '1970-10-30 23:37:10', '1996-09-26 09:49:39');
INSERT INTO `users` (`id`, `first_name`, `last_name`, `email`, `phone`, `password`, `created_at`, `updated_at`) VALUES (33, 'Laisha', 'Larkin', 'larson.autumn@example.com', '717-586-8782', 'c454f94756dd7dc', '1997-10-17 02:25:52', '1971-08-08 12:10:41');
INSERT INTO `users` (`id`, `first_name`, `last_name`, `email`, `phone`, `password`, `created_at`, `updated_at`) VALUES (34, 'Elena', 'Ebert', 'zsawayn@example.org', '843.988.8820', '3e93ac5821f9c51', '2006-08-07 06:13:16', '1988-01-19 12:41:09');
INSERT INTO `users` (`id`, `first_name`, `last_name`, `email`, `phone`, `password`, `created_at`, `updated_at`) VALUES (35, 'Herminia', 'Herzog', 'clifford.hills@example.net', '1-937-358-4348x', '00070c46d7067b7', '1977-04-26 07:25:07', '1991-11-30 06:17:02');
INSERT INTO `users` (`id`, `first_name`, `last_name`, `email`, `phone`, `password`, `created_at`, `updated_at`) VALUES (36, 'Opal', 'McKenzie', 'kali80@example.com', '+55(0)315970915', 'd620d423f911d62', '1990-10-05 21:38:18', '1986-09-18 17:54:42');
INSERT INTO `users` (`id`, `first_name`, `last_name`, `email`, `phone`, `password`, `created_at`, `updated_at`) VALUES (37, 'Bert', 'Hagenes', 'saige.harvey@example.com', '1-902-871-8039', 'e8058c4e77cb04b', '1980-11-08 23:21:30', '1987-03-07 01:21:29');
INSERT INTO `users` (`id`, `first_name`, `last_name`, `email`, `phone`, `password`, `created_at`, `updated_at`) VALUES (38, 'Ewell', 'Schmeler', 'felix.stamm@example.com', '+79(8)143043863', '9dd095e8635de5d', '2004-11-25 07:44:53', '2009-01-14 22:31:31');
INSERT INTO `users` (`id`, `first_name`, `last_name`, `email`, `phone`, `password`, `created_at`, `updated_at`) VALUES (39, 'Mattie', 'Schmidt', 'abbey00@example.com', '1-979-755-6339x', 'ce9f331da27a2e4', '1980-04-21 04:02:05', '2011-07-05 11:31:44');
INSERT INTO `users` (`id`, `first_name`, `last_name`, `email`, `phone`, `password`, `created_at`, `updated_at`) VALUES (40, 'Orpha', 'Rippin', 'towne.maxime@example.org', '(285)322-6685', '35e68cf7e2e7d3e', '1980-04-08 16:08:15', '1986-07-05 18:23:04');
INSERT INTO `users` (`id`, `first_name`, `last_name`, `email`, `phone`, `password`, `created_at`, `updated_at`) VALUES (41, 'Laurel', 'Prosacco', 'newell.gulgowski@example.net', '1-024-572-7808x', '4e115d3c994475c', '1976-08-06 11:01:03', '2016-03-27 17:25:30');
INSERT INTO `users` (`id`, `first_name`, `last_name`, `email`, `phone`, `password`, `created_at`, `updated_at`) VALUES (42, 'Kenny', 'Ward', 'keira70@example.org', '+49(8)077720336', 'e18a1b0ded99543', '1997-05-28 16:33:50', '1976-09-08 17:15:02');
INSERT INTO `users` (`id`, `first_name`, `last_name`, `email`, `phone`, `password`, `created_at`, `updated_at`) VALUES (43, 'Grant', 'Doyle', 'lempi.schneider@example.net', '497.444.1593x09', '3d970d7e9131f22', '1988-07-04 21:25:10', '1981-02-25 21:42:04');
INSERT INTO `users` (`id`, `first_name`, `last_name`, `email`, `phone`, `password`, `created_at`, `updated_at`) VALUES (44, 'Lexie', 'Abbott', 'koch.chaz@example.net', '126.863.1304x70', '1bab415226e8a2d', '2009-06-20 18:41:48', '2013-01-10 05:25:50');
INSERT INTO `users` (`id`, `first_name`, `last_name`, `email`, `phone`, `password`, `created_at`, `updated_at`) VALUES (45, 'Lily', 'Berge', 'robbie16@example.org', '1-259-249-8583', '2e316743ecd10d7', '1975-09-03 04:37:30', '1992-12-18 13:43:19');
INSERT INTO `users` (`id`, `first_name`, `last_name`, `email`, `phone`, `password`, `created_at`, `updated_at`) VALUES (46, 'Shaina', 'Stiedemann', 'ukunde@example.net', '954-111-0660', 'c9e0da9551e3dbc', '1984-11-20 07:15:51', '1983-09-08 09:50:00');
INSERT INTO `users` (`id`, `first_name`, `last_name`, `email`, `phone`, `password`, `created_at`, `updated_at`) VALUES (47, 'Coty', 'Goldner', 'destiney84@example.com', '1-213-213-3720x', '5f6daa0d6626a32', '1973-09-29 13:12:52', '1991-04-13 16:20:39');
INSERT INTO `users` (`id`, `first_name`, `last_name`, `email`, `phone`, `password`, `created_at`, `updated_at`) VALUES (48, 'Blaze', 'Bahringer', 'tmcdermott@example.net', '962.585.7652x36', 'a1ef17357485ae6', '1990-10-28 05:58:16', '2004-10-06 12:27:51');
INSERT INTO `users` (`id`, `first_name`, `last_name`, `email`, `phone`, `password`, `created_at`, `updated_at`) VALUES (49, 'Gerda', 'Wintheiser', 'guiseppe29@example.net', '1-341-764-9565x', 'e5fd53717a5fe09', '1975-10-18 20:10:32', '1991-10-14 04:40:51');
INSERT INTO `users` (`id`, `first_name`, `last_name`, `email`, `phone`, `password`, `created_at`, `updated_at`) VALUES (50, 'Salvatore', 'Adams', 'mariela.hackett@example.com', '(049)482-3371', '119ab6d5fd61e65', '2002-05-23 19:21:56', '2019-04-08 18:03:24');
INSERT INTO `users` (`id`, `first_name`, `last_name`, `email`, `phone`, `password`, `created_at`, `updated_at`) VALUES (51, 'Kellen', 'Goodwin', 'damian04@example.org', '520.110.8547x00', 'cd576597335dfd4', '1974-05-08 18:22:13', '1993-07-16 15:44:26');
INSERT INTO `users` (`id`, `first_name`, `last_name`, `email`, `phone`, `password`, `created_at`, `updated_at`) VALUES (52, 'Arthur', 'Gorczany', 'gkautzer@example.com', '687.485.2877x32', 'ef936cc0ea4b75e', '1998-06-22 11:14:46', '1974-10-18 01:39:27');
INSERT INTO `users` (`id`, `first_name`, `last_name`, `email`, `phone`, `password`, `created_at`, `updated_at`) VALUES (53, 'Horace', 'Windler', 'mcclure.hortense@example.org', '113-180-9184', '6b8093330ec5e4a', '1996-12-31 13:55:11', '1982-10-16 00:33:05');
INSERT INTO `users` (`id`, `first_name`, `last_name`, `email`, `phone`, `password`, `created_at`, `updated_at`) VALUES (54, 'Kimberly', 'DuBuque', 'heloise.schultz@example.net', '(961)244-9564', 'cc6b5a47d1a3a8f', '1970-09-05 17:23:15', '1988-02-11 22:43:57');
INSERT INTO `users` (`id`, `first_name`, `last_name`, `email`, `phone`, `password`, `created_at`, `updated_at`) VALUES (55, 'Marian', 'Rau', 'connelly.abbie@example.net', '438.831.9904x32', '5ab05b3fabbae1d', '2009-01-21 02:42:26', '1996-05-11 03:01:43');
INSERT INTO `users` (`id`, `first_name`, `last_name`, `email`, `phone`, `password`, `created_at`, `updated_at`) VALUES (56, 'Cristal', 'Stark', 'raquel10@example.org', '1-825-261-9969x', 'a225f7c8a9dfa87', '1993-09-12 02:57:12', '1999-07-19 20:49:25');
INSERT INTO `users` (`id`, `first_name`, `last_name`, `email`, `phone`, `password`, `created_at`, `updated_at`) VALUES (57, 'Akeem', 'Osinski', 'brennon.waters@example.org', '(164)569-8552x0', '9626b1ce9cab5fa', '1983-06-25 04:12:26', '2006-08-07 03:33:39');
INSERT INTO `users` (`id`, `first_name`, `last_name`, `email`, `phone`, `password`, `created_at`, `updated_at`) VALUES (58, 'Osvaldo', 'Runte', 'emilio.roob@example.com', '280-125-1751', '0495e7a2902bda6', '1981-01-03 02:20:25', '1977-12-01 09:33:13');
INSERT INTO `users` (`id`, `first_name`, `last_name`, `email`, `phone`, `password`, `created_at`, `updated_at`) VALUES (59, 'Carlee', 'Parisian', 'jayce.considine@example.com', '1-827-652-3297x', 'e25af91a98b3b51', '1990-03-04 23:31:48', '1984-05-24 15:16:54');
INSERT INTO `users` (`id`, `first_name`, `last_name`, `email`, `phone`, `password`, `created_at`, `updated_at`) VALUES (60, 'Shaina', 'Schneider', 'upton.sherwood@example.com', '034-774-2415x50', '801a3033d865397', '1993-06-04 20:01:44', '2017-04-08 18:11:19');
INSERT INTO `users` (`id`, `first_name`, `last_name`, `email`, `phone`, `password`, `created_at`, `updated_at`) VALUES (61, 'Mireille', 'Runolfsdottir', 'adalberto.waters@example.org', '223-054-8488x01', 'f560ef78eca1db2', '1990-10-29 09:09:28', '2013-03-10 07:53:26');
INSERT INTO `users` (`id`, `first_name`, `last_name`, `email`, `phone`, `password`, `created_at`, `updated_at`) VALUES (62, 'Collin', 'Lynch', 'larson.kelvin@example.com', '1-852-427-7148x', 'ad5b8a8342aa6a6', '2018-07-21 23:31:38', '2005-09-02 17:58:58');
INSERT INTO `users` (`id`, `first_name`, `last_name`, `email`, `phone`, `password`, `created_at`, `updated_at`) VALUES (63, 'Arne', 'Rempel', 'laila.feil@example.net', '082.624.2436', 'c3cb753a10c0a2c', '1996-02-19 13:01:11', '2009-03-29 18:28:35');
INSERT INTO `users` (`id`, `first_name`, `last_name`, `email`, `phone`, `password`, `created_at`, `updated_at`) VALUES (64, 'Vivian', 'Murray', 'lempi.steuber@example.net', '884.421.8031x32', '944708659435f40', '1976-07-22 00:55:04', '1990-01-31 11:07:32');
INSERT INTO `users` (`id`, `first_name`, `last_name`, `email`, `phone`, `password`, `created_at`, `updated_at`) VALUES (65, 'Antone', 'Predovic', 'grady.joanie@example.org', '(581)934-0444x7', 'c5be571c79b752c', '1986-10-20 01:22:49', '1991-05-21 04:21:13');
INSERT INTO `users` (`id`, `first_name`, `last_name`, `email`, `phone`, `password`, `created_at`, `updated_at`) VALUES (66, 'Kennedi', 'Collins', 'emelia.haley@example.com', '367.068.6806', 'b757e1e0485f732', '2013-04-22 01:14:30', '1996-05-26 04:29:38');
INSERT INTO `users` (`id`, `first_name`, `last_name`, `email`, `phone`, `password`, `created_at`, `updated_at`) VALUES (67, 'Cory', 'Wiegand', 'roob.samanta@example.com', '1-307-692-1598', '88b2ce85e74fdc6', '2011-10-15 00:19:56', '2006-10-25 17:11:32');
INSERT INTO `users` (`id`, `first_name`, `last_name`, `email`, `phone`, `password`, `created_at`, `updated_at`) VALUES (68, 'Janick', 'Kreiger', 'carey.bernhard@example.org', '224.421.0862', 'cc08a5442ec2fbf', '1975-03-14 20:50:31', '1977-02-22 13:03:37');
INSERT INTO `users` (`id`, `first_name`, `last_name`, `email`, `phone`, `password`, `created_at`, `updated_at`) VALUES (69, 'Juwan', 'Orn', 'angela22@example.com', '584.023.9649x77', '44fa38191812a8d', '2014-06-05 12:23:22', '1997-09-03 20:58:01');
INSERT INTO `users` (`id`, `first_name`, `last_name`, `email`, `phone`, `password`, `created_at`, `updated_at`) VALUES (70, 'Scarlett', 'Schamberger', 'wwehner@example.org', '08665384951', '50ff25f2d381360', '1976-02-07 05:02:35', '1990-08-05 02:41:45');
INSERT INTO `users` (`id`, `first_name`, `last_name`, `email`, `phone`, `password`, `created_at`, `updated_at`) VALUES (71, 'Cooper', 'Graham', 'macejkovic.susan@example.net', '1-972-083-3179', '642f52702b8df43', '1994-04-10 06:09:20', '2011-02-01 17:49:13');
INSERT INTO `users` (`id`, `first_name`, `last_name`, `email`, `phone`, `password`, `created_at`, `updated_at`) VALUES (72, 'Daryl', 'Bechtelar', 'layla85@example.com', '894-341-8878x80', '8fbb668ec6ee672', '1984-05-05 13:21:19', '1998-10-24 02:04:48');
INSERT INTO `users` (`id`, `first_name`, `last_name`, `email`, `phone`, `password`, `created_at`, `updated_at`) VALUES (73, 'Theo', 'Olson', 'no\'connell@example.com', '1-809-468-1273x', '9d1c8869724e905', '2010-04-28 03:48:17', '1994-08-27 00:29:48');
INSERT INTO `users` (`id`, `first_name`, `last_name`, `email`, `phone`, `password`, `created_at`, `updated_at`) VALUES (74, 'Clifton', 'Wilderman', 'keagan.rolfson@example.net', '1-296-694-3401', 'b2647e601eedc9a', '1983-05-29 22:40:28', '2003-02-27 21:20:51');
INSERT INTO `users` (`id`, `first_name`, `last_name`, `email`, `phone`, `password`, `created_at`, `updated_at`) VALUES (75, 'River', 'Stanton', 'cory74@example.com', '176.091.2151x87', '71aa377ddb8ad30', '1986-10-01 20:41:03', '1970-02-24 20:13:00');
INSERT INTO `users` (`id`, `first_name`, `last_name`, `email`, `phone`, `password`, `created_at`, `updated_at`) VALUES (76, 'Omer', 'Schiller', 'elisabeth.fritsch@example.com', '1-496-769-7006', '187abb5e16c7467', '1978-04-13 04:40:17', '1988-12-30 04:31:35');
INSERT INTO `users` (`id`, `first_name`, `last_name`, `email`, `phone`, `password`, `created_at`, `updated_at`) VALUES (77, 'Rachel', 'Luettgen', 'sharon41@example.net', '103.833.0667', '15eaf128f964933', '1993-02-06 01:33:27', '1971-03-17 22:37:55');
INSERT INTO `users` (`id`, `first_name`, `last_name`, `email`, `phone`, `password`, `created_at`, `updated_at`) VALUES (78, 'Abigail', 'Emmerich', 'mclaughlin.christelle@example.net', '914-572-3892x83', '22b919786fdce17', '2017-03-08 06:12:09', '1988-06-24 10:12:39');
INSERT INTO `users` (`id`, `first_name`, `last_name`, `email`, `phone`, `password`, `created_at`, `updated_at`) VALUES (79, 'Marielle', 'Runolfsdottir', 'elena39@example.net', '1-605-460-6402x', '98d9134e13590b9', '1971-03-01 01:46:37', '1986-01-21 10:32:50');
INSERT INTO `users` (`id`, `first_name`, `last_name`, `email`, `phone`, `password`, `created_at`, `updated_at`) VALUES (80, 'Magnus', 'Ruecker', 'deckow.earnest@example.net', '1-390-388-3471x', '3ab7fdac929c71d', '1984-03-18 10:27:51', '2009-07-08 00:03:02');
INSERT INTO `users` (`id`, `first_name`, `last_name`, `email`, `phone`, `password`, `created_at`, `updated_at`) VALUES (81, 'Justyn', 'Schowalter', 'tyrell46@example.com', '+64(8)190406914', 'f5f259babd9be12', '2009-05-27 11:22:37', '1977-11-13 06:42:03');
INSERT INTO `users` (`id`, `first_name`, `last_name`, `email`, `phone`, `password`, `created_at`, `updated_at`) VALUES (82, 'Gertrude', 'Turcotte', 'maeve97@example.net', '03600539616', '2bb6a1bf5b7ca54', '2019-01-27 03:15:10', '1992-04-03 04:57:03');
INSERT INTO `users` (`id`, `first_name`, `last_name`, `email`, `phone`, `password`, `created_at`, `updated_at`) VALUES (83, 'Bridgette', 'Schumm', 'hessel.chanelle@example.org', '(777)208-1229', '9a3737aa6f3a202', '1975-09-19 04:50:14', '1974-06-09 05:16:56');
INSERT INTO `users` (`id`, `first_name`, `last_name`, `email`, `phone`, `password`, `created_at`, `updated_at`) VALUES (84, 'Terry', 'Jast', 'zbartoletti@example.net', '1-871-687-3301x', '62867393cbed767', '1995-11-21 07:14:54', '2018-03-31 02:30:10');
INSERT INTO `users` (`id`, `first_name`, `last_name`, `email`, `phone`, `password`, `created_at`, `updated_at`) VALUES (85, 'Leo', 'Kunde', 'gislason.brianne@example.net', '(762)197-8500', 'b6489e0a115fd87', '1971-08-16 16:02:38', '1973-08-01 18:29:57');
INSERT INTO `users` (`id`, `first_name`, `last_name`, `email`, `phone`, `password`, `created_at`, `updated_at`) VALUES (86, 'Wilfredo', 'Tremblay', 'orippin@example.com', '387.213.9368', '12debbd42642b3f', '2004-07-31 23:10:01', '1985-06-19 17:33:40');
INSERT INTO `users` (`id`, `first_name`, `last_name`, `email`, `phone`, `password`, `created_at`, `updated_at`) VALUES (87, 'Phoebe', 'Bode', 'olson.marion@example.com', '163-500-0466', '71d0a7f57f90a82', '1971-01-22 04:26:09', '1979-08-13 05:38:29');
INSERT INTO `users` (`id`, `first_name`, `last_name`, `email`, `phone`, `password`, `created_at`, `updated_at`) VALUES (88, 'Tressie', 'Reichel', 'ricky48@example.com', '834-101-6378', 'b9c7d34d13817a3', '2013-11-02 22:17:47', '2000-06-24 23:24:10');
INSERT INTO `users` (`id`, `first_name`, `last_name`, `email`, `phone`, `password`, `created_at`, `updated_at`) VALUES (89, 'Krystina', 'Heaney', 'jenkins.elta@example.net', '516.787.2619x63', '793f1d4de935729', '1980-08-04 23:11:43', '1987-09-07 20:06:11');
INSERT INTO `users` (`id`, `first_name`, `last_name`, `email`, `phone`, `password`, `created_at`, `updated_at`) VALUES (90, 'Hayden', 'Pouros', 'andreanne71@example.org', '411-156-2063x61', '1d64b12d6174327', '1997-12-11 12:24:48', '2007-10-17 08:14:17');
INSERT INTO `users` (`id`, `first_name`, `last_name`, `email`, `phone`, `password`, `created_at`, `updated_at`) VALUES (91, 'Delta', 'Rau', 'bogisich.daisy@example.com', '(958)047-1163x2', 'feaef2c1e295b13', '1978-05-20 16:14:59', '2013-04-28 18:44:29');
INSERT INTO `users` (`id`, `first_name`, `last_name`, `email`, `phone`, `password`, `created_at`, `updated_at`) VALUES (92, 'Stephany', 'Gerlach', 'gerhold.alene@example.org', '1-712-387-6982', 'f777985b1e8a98f', '1999-07-23 20:12:26', '2015-05-19 22:09:44');
INSERT INTO `users` (`id`, `first_name`, `last_name`, `email`, `phone`, `password`, `created_at`, `updated_at`) VALUES (93, 'Neal', 'Jacobson', 'milan49@example.org', '(789)643-5353x9', 'dbd37a2426b4d13', '2009-02-12 15:01:46', '1976-06-06 12:50:12');
INSERT INTO `users` (`id`, `first_name`, `last_name`, `email`, `phone`, `password`, `created_at`, `updated_at`) VALUES (94, 'Hayley', 'Mueller', 'lessie.monahan@example.org', '(869)978-2243', '0f282c86bf474dd', '2006-06-23 20:07:42', '1971-11-23 08:48:34');
INSERT INTO `users` (`id`, `first_name`, `last_name`, `email`, `phone`, `password`, `created_at`, `updated_at`) VALUES (95, 'Lesly', 'Hauck', 'rhianna68@example.org', '+89(7)700493279', '0f559dbb4f05c88', '1983-02-07 23:55:06', '2010-08-10 12:59:38');
INSERT INTO `users` (`id`, `first_name`, `last_name`, `email`, `phone`, `password`, `created_at`, `updated_at`) VALUES (96, 'Imogene', 'Hoppe', 'lance80@example.org', '1-812-867-1459', '2dd409551831e87', '1982-06-26 12:55:00', '2006-11-04 06:29:16');
INSERT INTO `users` (`id`, `first_name`, `last_name`, `email`, `phone`, `password`, `created_at`, `updated_at`) VALUES (97, 'Earline', 'Welch', 'mann.laila@example.net', '(429)755-9400', '76de9665b787ccb', '2000-04-01 18:50:27', '1999-02-23 23:57:29');
INSERT INTO `users` (`id`, `first_name`, `last_name`, `email`, `phone`, `password`, `created_at`, `updated_at`) VALUES (98, 'Amara', 'Hirthe', 'irwin69@example.net', '1-490-769-8637x', 'd8f2f51131e74f0', '2002-01-15 04:01:37', '2001-05-12 18:59:59');
INSERT INTO `users` (`id`, `first_name`, `last_name`, `email`, `phone`, `password`, `created_at`, `updated_at`) VALUES (99, 'Jensen', 'Cassin', 'trantow.cleve@example.net', '392-433-7906x58', '260279d2308b82a', '2004-05-18 03:23:21', '1997-10-01 12:31:49');
INSERT INTO `users` (`id`, `first_name`, `last_name`, `email`, `phone`, `password`, `created_at`, `updated_at`) VALUES (100, 'Ralph', 'Bayer', 'weimann.howard@example.org', '1-840-656-7354x', '720becade2fa239', '1996-12-18 17:06:04', '1984-05-03 11:04:22');


